species,identifier,higher_taxon,common_name,highest_common_name
Acanthopteroctetes unifascia,Acanthopteroctetes_unifascia_M_1477601198_lg,Neopseustoidea,Archaic bell moths,moths
Acanthopteroctetes unifascia,MCZ-ENT00754647_Acanthopteroctetes_unifascia_had,Neopseustoidea,Archaic bell moths,moths
Acrocercops transecta,transecta_Acrocercops_A_EIHU,Gracillarioidea,Cocoon-maker/leaf blotch miner moths,moths
Actias luna,MCZ-ENT00639291_Actias_luna_had,Bombycoidea,Sphynx/Silk moths,moths
Actias luna,MCZ-ENT00639295_Actias_luna_had,Bombycoidea,Sphynx/Silk moths,moths
Actias luna,UDCC_TCN_00062177_1487105077_lg,Bombycoidea,Sphynx/Silk moths,moths
Actias luna,UDCC_TCN_00062222_1487351569_lg,Bombycoidea,Sphynx/Silk moths,moths
Adhemarius daphne,BC-EMEM_%5B292%5D%2B1165507284,Bombycoidea,Sphynx/Silk moths,moths
Agathiphaga queenslandensis,10ANIC_03227%2B1287104404,Agathiphagoidea,Kauri moths,moths
Agrotis infusa,Preview001,Noctuoidea,Owlet moths,moths
Alucita desmodactyla,MCZ-ENT00754689_Alucita_desmodactyla_lbs,Alucitoidea,Many-plumed moths,moths
Alucita desmodactyla,MCZ-ENT00754690_Alucita_desmodactyla_had,Alucitoidea,Many-plumed moths,moths
Alucita desmodactyla,MCZ-ENT00754691_Alucita_desmodactyla_had,Alucitoidea,Many-plumed moths,moths
Alucita desmodactyla,MCZ-ENT00754692_Alucita_desmodactyla_had,Alucitoidea,Many-plumed moths,moths
Alucita desmodactyla,MCZ-ENT00754693_Alucita_desmodactyla_had,Alucitoidea,Many-plumed moths,moths
Alucita desmodactyla,MCZ-ENT00754696_Alucita_desmodactyla_had2,Alucitoidea,Many-plumed moths,moths
Amata phegea,057-04-Amata_phegea_(5557),Noctuoidea,Owlet moths,moths
Amata phegea,2EE7B9E9027418FBB8CAF562A9B51F38B207EC4F8305D0EB1CD4AD0FC41EB43C,Noctuoidea,Owlet moths,moths
Amata phegea,3147B5A0FFA94C2BB241FC008EE0DE32457A294613E79AA69357EE4084D320B6,Noctuoidea,Owlet moths,moths
Amata phegea,45320922E3A0512DF785B963929B43E8AAB73F30A6742EB9893C4D415A386A2E,Noctuoidea,Owlet moths,moths
Amata phegea,6000F4EF25BAE91F7ED0A7E3A3CF337D71421F4AD644F2B7D7541A15A30AC71E,Noctuoidea,Owlet moths,moths
Amata phegea,8FA6741E2CBF52F6FE16B77F51043F9F825361C19F20548BE1A7BE636769EE04,Noctuoidea,Owlet moths,moths
Amata phegea,91815F1F225202F8485D1DD08A4FB99BF25FD53B2D834DF9D10D824DED073466,Noctuoidea,Owlet moths,moths
Amphipyra pyramidea,04631573-b340-4e04-955b-79f919c94d70_image,Noctuoidea,Owlet moths,moths
Amphipyra pyramidea,350463,Noctuoidea,Owlet moths,moths
Amphipyra pyramidea,3c48ce08-3be7-4a06-b068-10ec351e16fb_image,Noctuoidea,Owlet moths,moths
Amphipyra pyramidea,69A280AABB611685C5A6FCA5ECBAA6CE708EA8E43BDD4E917B81301D39D9E7AE,Noctuoidea,Owlet moths,moths
Amphipyra pyramidea,6b4f0a52-a0ca-4bb6-8423-bfaa7d366723_image,Noctuoidea,Owlet moths,moths
Amphipyra pyramidea,Amphipyra pyramidea_Preview001,Noctuoidea,Owlet moths,moths
Amphipyra pyramidea,C2308030591FA3FCE2A60EF089A7FD6B83C2273F879559B1B8FE93F5FCCC6928,Noctuoidea,Owlet moths,moths
Amphipyra pyramidea,F0C0F1333F1466F2CF6632C58A2B6C5178B63A9CA7649A085C916C0ECAFEE957,Noctuoidea,Owlet moths,moths
Amphipyra pyramidea,LEP_8146-4507-3708-4122(1),Noctuoidea,Owlet moths,moths
Amphithera heteroleuca,10ANIC_05178%2B1287424348,Gracillarioidea,Cocoon-maker/leaf blotch miner moths,moths
Amyelois transitella,ASUHIC0128107_habitus_dorsal_1574452466_lg,Pyraloidea,Snout moths,moths
Amyelois transitella,IMG_018893,Pyraloidea,Snout moths,moths
Amyelois transitella,IMG_018894,Pyraloidea,Snout moths,moths
Amyelois transitella,IMG_018895,Pyraloidea,Snout moths,moths
Amyelois transitella,IMG_018896,Pyraloidea,Snout moths,moths
Amyelois transitella,IMG_018900,Pyraloidea,Snout moths,moths
Amyelois transitella,IMG_018904,Pyraloidea,Snout moths,moths
Amyelois transitella,MEM368119_Amyelois_transitella_1547049892_lg,Pyraloidea,Snout moths,moths
Andesiana lamellata,USNMENT00657461%2B1297458178,Andesianoidea,Andean endemic moths,moths
Anigraea sp,10ANIC_08417%2B1288115850,Noctuoidea,Owlet moths,moths
Antaeotricha schlaegeri,MEM56725_Antaeotricha_schlaege_1517935449_lg,Gelechioidea,Curved-horn moths,moths
Anthocharis cardamines,005-04-Anthocharis_cardamines_(411-412),Papilionoidea,Papilionoid butterflies,butterflies
Anthocharis cardamines,0115B1B1634BF944D7078BEBAF701F5E8924128A2ADA7434F6CA622A5BBA2429,Papilionoidea,Papilionoid butterflies,butterflies
Anthocharis cardamines,146C6244FC93A80B69B47A415D0A4383425DD91101C226FE3696410EBE96B91B,Papilionoidea,Papilionoid butterflies,butterflies
Anthocharis cardamines,24F115679E081CF0EE90421A815C3D8A18E14BA472D6B57D96C64AA7052962E8,Papilionoidea,Papilionoid butterflies,butterflies
Anthocharis cardamines,321620,Papilionoidea,Papilionoid butterflies,butterflies
Anthocharis cardamines,4124D9D561F80AD281670EF46FE2FBA6A0E3240D294FB662E5C12D6E2B3CCECE,Papilionoidea,Papilionoid butterflies,butterflies
Anthocharis cardamines,4797BC17986871FA95408C5F40DB0AB1D206CCEC52E487875C4D592E5C6690C1,Papilionoidea,Papilionoid butterflies,butterflies
Anthocharis cardamines,5E3356F26396888A62775D8340744A1E46037C968D1266655944CB7705214F9B,Papilionoidea,Papilionoid butterflies,butterflies
Apatelodes pithala,Bc-Her5212%2B1544558604,Bombycoidea,Sphynx/Silk moths,moths
Archaeoses polygrapha,10ANIC_09141%2B1288923602,Cossoidea,Carpenter moths,moths
Arctopsyche palpata,F27434,Trichoptera,Caddisflies caddisflies,caddisflies
Artace sp,GD-GF_0181_16319R%2B1540588008,Lasiocampoidea,Eggars/Tent moths,moths
Ascia monuste,27831373165_953b087e67,Papilionoidea,Papilionoid butterflies,butterflies
Ascia monuste,576384?rendering=original,Papilionoidea,Papilionoid butterflies,butterflies
Ascia monuste,default,Papilionoidea,Papilionoid butterflies,butterflies
Ascia monuste,IMG_139460,Papilionoidea,Papilionoid butterflies,butterflies
Ascia monuste,MCZ-ENT00752714_Attacus_atlas_had,Papilionoidea,Papilionoid butterflies,butterflies
Ascia monuste,MCZ-ENT00752716_Attacus_atlas_lbs,Papilionoidea,Papilionoid butterflies,butterflies
Ascia monuste,MCZ-ENT00752720_Attacus_atlas_lbs,Papilionoidea,Papilionoid butterflies,butterflies
Ascia monuste,SDNHM122780,Papilionoidea,Papilionoid butterflies,butterflies
Ascia monuste,SDNHM210367,Papilionoidea,Papilionoid butterflies,butterflies
Ascia monuste,SDNHM210369,Papilionoidea,Papilionoid butterflies,butterflies
Ascia monuste,SDNHM210379,Papilionoidea,Papilionoid butterflies,butterflies
Ascia monuste,SDNHM210380,Papilionoidea,Papilionoid butterflies,butterflies
Ascia monuste,SDNHM210381,Papilionoidea,Papilionoid butterflies,butterflies
Ascia monuste,SDNHM210382,Papilionoidea,Papilionoid butterflies,butterflies
Ascia monuste,SDNHM210383,Papilionoidea,Papilionoid butterflies,butterflies
Ascia monuste,SDNHM210384,Papilionoidea,Papilionoid butterflies,butterflies
Ascia monuste,SDNHM210385,Papilionoidea,Papilionoid butterflies,butterflies
Ascia monuste,SDNHM210386,Papilionoidea,Papilionoid butterflies,butterflies
Ascia monuste,SDNHM210388,Papilionoidea,Papilionoid butterflies,butterflies
Ascia monuste,UVGC0006156_1637360471_lg,Papilionoidea,Papilionoid butterflies,butterflies
Ascia monuste,UVGC0006157_1637360613_lg,Papilionoidea,Papilionoid butterflies,butterflies
Ascia monuste,UVGC0006430_1644963179_lg,Papilionoidea,Papilionoid butterflies,butterflies
Ascia monuste,UVGC0006613_1645546962_lg,Papilionoidea,Papilionoid butterflies,butterflies
Ascia monuste,UVGC0006614_1636471804_lg,Papilionoidea,Papilionoid butterflies,butterflies
Auriculoceryx pterodactyliformis,KHC-4817d%2B1265232266,Noctuoidea,Owlet moths,moths
Autosticha sp,IMG_7570%2B1443120946,Gelechioidea,Curved-horn moths,moths
Axia margarita,BC_ZSM_Lep_45097%2B1284456554,Drepanoidea,Hook-tip moths,moths
Bembecia ichneumoniformis,034-20-Bembecia_ichneumoniformis_(3447),Sesioidea,Clearwing moths,moths
Bembecia ichneumoniformis,109AB28D4A5442491428B57FC9EC5E7A229E5E53AAAFB08A6947CFCD4E90A06B,Sesioidea,Clearwing moths,moths
Bembecia ichneumoniformis,53f49cec-d5e0-4340-9bea-8abbcb535a66_image,Sesioidea,Clearwing moths,moths
Bembecia ichneumoniformis,88B5DCEEF41CB97EAD1503013B6F7B5B1E5111A185DE057809DB34E04D4F0583,Sesioidea,Clearwing moths,moths
Bembecia ichneumoniformis,DE44D93D8547B6D641C2F31F62F12C23E162EA1F8E392804AA8E5EBE48F7CFB2,Sesioidea,Clearwing moths,moths
Bicyclus anynana,BC-GVW0055+1187579018,Papilionoidea,Papilionoid butterflies,butterflies
Bicyclus anynana,BC-GVW0058+1187579020,Papilionoidea,Papilionoid butterflies,butterflies
Bicyclus anynana,BC-GVW0059+1187579024,Papilionoidea,Papilionoid butterflies,butterflies
Biston betularia,063EF00CC8CE0C648384DA1BF9ECCC78E92ECB619DCCB9AB252B54BFBDAC7AC8,Geometroidea,Geometrid moths,moths
Biston betularia,49957F535F9CA260B2475ADD7352F24702067C964A7BEED41AC726572AF909EC,Geometroidea,Geometrid moths,moths
Biston betularia,5D7EA14C369725A8805F915A0B0D80949BAB80C9207F100402C793902020ADAB,Geometroidea,Geometrid moths,moths
Biston betularia,62B72C6F60847CBF6C4BC0D01A28BD54293D270D4707B209B5D01C8F4A147003,Geometroidea,Geometrid moths,moths
Biston betularia,9DA50F95D06C7DF8D752CFC59C8B0B85169D5B279225DB3E52EA51785ECEFCB2,Geometroidea,Geometrid moths,moths
Biston betularia,ASUHIC0108928_habitus_dorsal_1575997340_lg,Geometroidea,Geometrid moths,moths
Biston betularia,B856EC3AF7C975DC0ECD021AF6677683D7A35B2E50465058B618122906EA793E,Geometroidea,Geometrid moths,moths
Biston betularia,C30B04E711FD805DB170E19823DE2761967C5CFE7EBE0F15842501B3E176A792,Geometroidea,Geometrid moths,moths
Biston betularia,ca00d6ec-c0ac-497f-bf81-3d02f436b80b_image,Geometroidea,Geometrid moths,moths
Biston betularia,CSU_ENT1077483_1-3_1560788934_lg,Geometroidea,Geometrid moths,moths
Biston betularia,CSU_ENT1077494_1-3_1560788917_lg,Geometroidea,Geometrid moths,moths
Biston betularia,CSU_ENT1077519_1-3_1560790326_lg,Geometroidea,Geometrid moths,moths
Biston betularia,CSU_ENT1077527_1-3_1560790591_lg,Geometroidea,Geometrid moths,moths
Biston betularia,CSU_ENT1099949_1-3_1560789083_lg,Geometroidea,Geometrid moths,moths
Biston betularia,CSU_ENT1138519_1-2_1592310892_lg,Geometroidea,Geometrid moths,moths
Biston betularia,CSU_ENT1138522_1-2_1592310533_lg,Geometroidea,Geometrid moths,moths
Biston betularia,CSU_ENT1149889_1-2_1600351239_lg,Geometroidea,Geometrid moths,moths
Biston betularia,CSU_ENT1149989_1-2_1600350889_lg,Geometroidea,Geometrid moths,moths
Biston betularia,CSU_ENT1150016_1-2_1600350832_lg,Geometroidea,Geometrid moths,moths
Biston betularia,CSU_ENT1151874_1-2_1598280461_lg,Geometroidea,Geometrid moths,moths
Biston betularia,CSU_ENT1173349_1-2_1639678815_lg,Geometroidea,Geometrid moths,moths
Biston betularia,CSU_ENT1182280_1-2_1654188731_lg,Geometroidea,Geometrid moths,moths
Biston betularia,D8803C1ADD2DE1ECBE2613B0E0610C557D2C5A241B429623530B8C3B480C210E,Geometroidea,Geometrid moths,moths
Biston betularia,DB4920D8CBC55BE5B198F85CA2400C8BE63DE36967D687A55A708BC81C5E6386,Geometroidea,Geometrid moths,moths
Biston betularia,E7F571EB1DACF9CA82454CD752BB0E5ABED908270EB0F1D82147C9B269A64A16,Geometroidea,Geometrid moths,moths
Biston betularia,MCZ-ENT00767325_Biston_betularia_betularia_lbs,Geometroidea,Geometrid moths,moths
Biston betularia,MCZ-ENT00767328_Biston_betularia_betularia_lbs,Geometroidea,Geometrid moths,moths
Biston betularia,MCZ-ENT00767330_Biston_betularia_betularia_lbs,Geometroidea,Geometrid moths,moths
Biston betularia,MCZ-ENT00767335_Biston_betularia_betularia_lbs,Geometroidea,Geometrid moths,moths
Biston betularia,MCZ-ENT00767337_Biston_betularia_betularia_lbs,Geometroidea,Geometrid moths,moths
Biston betularia,MCZ-ENT00767338_Biston_betularia_betularia_lbs,Geometroidea,Geometrid moths,moths
Biston betularia,MCZ-ENT00767339_Biston_betularia_betularia_lbs,Geometroidea,Geometrid moths,moths
Biston betularia,MCZ-ENT00767341_Biston_betularia_betularia_lbs,Geometroidea,Geometrid moths,moths
Biston betularia,MCZ-ENT00767343_Biston_betularia_betularia_lbs,Geometroidea,Geometrid moths,moths
Biston betularia,MCZ-ENT00767345_Biston_betularia_betularia_lbs,Geometroidea,Geometrid moths,moths
Biston betularia,UDCC_TCN_00103925_2_1502292419_lg,Geometroidea,Geometrid moths,moths
Bombyx mori,FIMI090,Bombycoidea,Sphynx/Silk moths,moths
Bombyx mori,FIMI094,Bombycoidea,Sphynx/Silk moths,moths
Bombyx mori,FIMI103,Bombycoidea,Sphynx/Silk moths,moths
Bombyx mori,IMG_019184,Bombycoidea,Sphynx/Silk moths,moths
Bombyx mori,IMG_019186,Bombycoidea,Sphynx/Silk moths,moths
Bombyx mori,MEM368471_Bombyx_mandarina_VCV_1552314783_lg,Bombycoidea,Sphynx/Silk moths,moths
Bombyx mori,MEM368472_Bombyx_mandarina_VCV_1552314737_lg,Bombycoidea,Sphynx/Silk moths,moths
Brahmaea hearseyi,BC-ULP0114%2B1254317688,Bombycoidea,Sphynx/Silk moths,moths
Bucculatrix cristatella,IMG_5634%2B1272463058,Gracillarioidea,Cocoon-maker/leaf blotch miner moths,moths
Calledapteryx dryopterata,IMG_018936,Geometroidea,Geometrid moths,moths
Calledapteryx dryopterata,IMG_018937,Geometroidea,Geometrid moths,moths
Calledapteryx dryopterata,IMG_018940,Geometroidea,Geometrid moths,moths
Calledapteryx dryopterata,IMG_5663%2B1162048868,Geometroidea,Geometrid moths,moths
Caloptilia triadicae,CCDB-29488-F04%2B1488225940,Gracillarioidea,Cocoon-maker/leaf blotch miner moths,moths
Calycopis cecrops,133953fbf2c0b0b5f4828c66c9edf43e,Papilionoidea,Papilionoid butterflies,butterflies
Calycopis cecrops,Calycopis cecrops_default,Papilionoidea,Papilionoid butterflies,butterflies
Calycopis cecrops,IMG_000492,Papilionoidea,Papilionoid butterflies,butterflies
Calycopis cecrops,IMG_000493,Papilionoidea,Papilionoid butterflies,butterflies
Calycopis cecrops,IMG_000494,Papilionoidea,Papilionoid butterflies,butterflies
Calycopis cecrops,IMG_000495,Papilionoidea,Papilionoid butterflies,butterflies
Calycopis cecrops,IMG_000496,Papilionoidea,Papilionoid butterflies,butterflies
Calycopis cecrops,IMG_000497,Papilionoidea,Papilionoid butterflies,butterflies
Calycopis cecrops,IMG_000498,Papilionoidea,Papilionoid butterflies,butterflies
Calycopis cecrops,IMG_000499,Papilionoidea,Papilionoid butterflies,butterflies
Calycopis cecrops,IMG_000500,Papilionoidea,Papilionoid butterflies,butterflies
Calycopis cecrops,IMG_000501,Papilionoidea,Papilionoid butterflies,butterflies
Calycopis cecrops,IMG_000502,Papilionoidea,Papilionoid butterflies,butterflies
Calycopis cecrops,IMG_021698,Papilionoidea,Papilionoid butterflies,butterflies
Calycopis cecrops,IMG_023575,Papilionoidea,Papilionoid butterflies,butterflies
Calycopis cecrops,IMG_023582,Papilionoidea,Papilionoid butterflies,butterflies
Calycopis cecrops,IMG_023603,Papilionoidea,Papilionoid butterflies,butterflies
Calycopis cecrops,IMG_024533,Papilionoidea,Papilionoid butterflies,butterflies
Calycopis cecrops,IMG_024534,Papilionoidea,Papilionoid butterflies,butterflies
Calycopis cecrops,IMG_024535,Papilionoidea,Papilionoid butterflies,butterflies
Calycopis cecrops,IMG_024536,Papilionoidea,Papilionoid butterflies,butterflies
Calycopis cecrops,IMG_024539,Papilionoidea,Papilionoid butterflies,butterflies
Calycopis cecrops,IMG_024540,Papilionoidea,Papilionoid butterflies,butterflies
Calycopis cecrops,IMG_024541,Papilionoidea,Papilionoid butterflies,butterflies
Calycopis cecrops,IMG_024542,Papilionoidea,Papilionoid butterflies,butterflies
Calycopis cecrops,IMG_024545,Papilionoidea,Papilionoid butterflies,butterflies
Calycopis cecrops,IMG_024546,Papilionoidea,Papilionoid butterflies,butterflies
Calycopis cecrops,IMG_024547,Papilionoidea,Papilionoid butterflies,butterflies
Calycopis cecrops,IMG_024548,Papilionoidea,Papilionoid butterflies,butterflies
Calycopis cecrops,IMG_024551,Papilionoidea,Papilionoid butterflies,butterflies
Calycopis cecrops,IMG_024552,Papilionoidea,Papilionoid butterflies,butterflies
Calycopis cecrops,IMG_024553,Papilionoidea,Papilionoid butterflies,butterflies
Calycopis cecrops,IMG_024554,Papilionoidea,Papilionoid butterflies,butterflies
Calycopis cecrops,IMG_024557,Papilionoidea,Papilionoid butterflies,butterflies
Calycopis cecrops,IMG_024558,Papilionoidea,Papilionoid butterflies,butterflies
Calycopis cecrops,IMG_024559,Papilionoidea,Papilionoid butterflies,butterflies
Calycopis cecrops,IMG_141929,Papilionoidea,Papilionoid butterflies,butterflies
Calycopis cecrops,IMG_141930,Papilionoidea,Papilionoid butterflies,butterflies
Calycopis cecrops,IMG_141931,Papilionoidea,Papilionoid butterflies,butterflies
Calycopis cecrops,IMG_153688,Papilionoidea,Papilionoid butterflies,butterflies
Calycopis cecrops,UDCC_TCN_00062372_1489593111_lg,Papilionoidea,Papilionoid butterflies,butterflies
Calycopis cecrops,UDCC_TCN_00062373_2_1489593678_lg,Papilionoidea,Papilionoid butterflies,butterflies
Calycopis cecrops,UDCC_TCN_00062374_1489594001_lg,Papilionoidea,Papilionoid butterflies,butterflies
Calycopis cecrops,UDCC_TCN_00062375_2_1489594498_lg,Papilionoidea,Papilionoid butterflies,butterflies
Calycopis cecrops,UDCC_TCN_00062376_2_1489594966_lg,Papilionoidea,Papilionoid butterflies,butterflies
Calycopis cecrops,UDCC_TCN_00062417_1490363826_lg,Papilionoidea,Papilionoid butterflies,butterflies
Calycopis cecrops,VTEC000000511_1484171472_lg,Papilionoidea,Papilionoid butterflies,butterflies
Calycopis cecrops,VTEC000000512_1484171579_lg,Papilionoidea,Papilionoid butterflies,butterflies
Calycopis cecrops,VTEC000000513_1484171700_lg,Papilionoidea,Papilionoid butterflies,butterflies
Calycopis cecrops,VTEC000000514_1484171730_lg,Papilionoidea,Papilionoid butterflies,butterflies
Calycopis cecrops,VTEC000000515_1484171762_lg,Papilionoidea,Papilionoid butterflies,butterflies
Calycopis cecrops,VTEC000000516_1484171790_lg,Papilionoidea,Papilionoid butterflies,butterflies
Calycopis cecrops,VTEC000000517_1484171873_lg,Papilionoidea,Papilionoid butterflies,butterflies
Calycopis cecrops,VTEC000000518_1484171899_lg,Papilionoidea,Papilionoid butterflies,butterflies
Calycopis cecrops,VTEC000000519_1484171945_lg,Papilionoidea,Papilionoid butterflies,butterflies
Calycopis cecrops,VTEC000000520_1484172058_lg,Papilionoidea,Papilionoid butterflies,butterflies
Calycopis cecrops,VTEC000000521_1484172086_lg,Papilionoidea,Papilionoid butterflies,butterflies
Calycopis cecrops,VTEC000000522_1484172141_lg,Papilionoidea,Papilionoid butterflies,butterflies
Calycopis cecrops,VTEC000000933_1487186464_lg,Papilionoidea,Papilionoid butterflies,butterflies
Cameraria ohridella,6e99da29-c84d-4084-8190-60d65a07b2af_image,Gracillarioidea,Cocoon-maker/leaf blotch miner moths,moths
Cameraria ohridella,b5aa7754-0aa1-4735-8ce9-5bb5035c04d0_image,Gracillarioidea,Cocoon-maker/leaf blotch miner moths,moths
Cameraria ohridella,BCamerariaohridella,Gracillarioidea,Cocoon-maker/leaf blotch miner moths,moths
Cameraria ohridella,M-0125199_20061005_151104,Gracillarioidea,Cocoon-maker/leaf blotch miner moths,moths
Canaea sp,10ANIC_03488%2B1287187054,Thyridoidea,Picture-winged leaf moths,moths
Catoptria falsella,00B43B5DE66491AB7EB3258A4AA50F66C52AB478AA26329D8FDC6C2CFC1E827A,Pyraloidea,Snout moths,moths
Catoptria falsella,13BE534B979C963A53A3AA3770017993421FD133ACEF0AF9DCB1C5F20E729FF5,Pyraloidea,Snout moths,moths
Catoptria falsella,15E2A4E716AE1AB41125153EA6FE355BCACC661549B1515D8EA54BC302095738,Pyraloidea,Snout moths,moths
Catoptria falsella,1624DF1FDB4F78C6C2507394EBDBF43D128985F0EBF02A5B6408C2750AD640E5,Pyraloidea,Snout moths,moths
Catoptria falsella,16EED0F476BEB16F8DEFB14895EBF80936B318847148B825930B3B6A174558A8,Pyraloidea,Snout moths,moths
Catoptria falsella,302173404FE9693CD6B45AE54A3738ADE59CE7EBA30A12EC422B8E6DBC892877,Pyraloidea,Snout moths,moths
Catoptria falsella,31F087C1516E9016C0208D9DF64B5A550274F5B2746D03F8B7A9C71BE3DEEB75,Pyraloidea,Snout moths,moths
Catoptria falsella,34D5AA58D61AD7C4AA860AF2E82FFDB4A4E4851DC069ABD2E7AEF14713DE8C08,Pyraloidea,Snout moths,moths
Catoptria falsella,3A6E6EFB8A0CC69296889694F7C9547AB87A063DBF88BA90DE0754F5E477139D,Pyraloidea,Snout moths,moths
Catoptria falsella,40009DE893A0FCEB3B650B1F3757CE49B8C04F0C2FA25CA2ED709BDED3BC8D0F,Pyraloidea,Snout moths,moths
Catoptria falsella,421AB1F31F33FFE635A38856F84B832FB478EC88F22F71103C984ACC65B3BDED,Pyraloidea,Snout moths,moths
Catoptria falsella,506653C6D9CB21E6238202CCA1C44EB09DC06514BB2A6E147406BD1E0B8BE53E,Pyraloidea,Snout moths,moths
Catoptria falsella,5A208D134F0669CC3787464C6A9E77F98F4A50B40C2422D4F19342A1017A6C04,Pyraloidea,Snout moths,moths
Catoptria falsella,629AA2B7665B671D88D71650038806F266385143713EE0F6825E19BCAB363A88,Pyraloidea,Snout moths,moths
Catoptria falsella,64CD22E8FB7C1A0B9FF577F7F4C71870E96E0567A84FA8DA8E5FF5960D4BD0B4,Pyraloidea,Snout moths,moths
Catoptria falsella,6BCF06211283F38D189E617A843CC2AF9B08A7E336AE7914110A05B4A0B4D539,Pyraloidea,Snout moths,moths
Catoptria falsella,6ea44794-d689-4c0d-a5c7-dd18dcb09ea6_image,Pyraloidea,Snout moths,moths
Catoptria falsella,766A6992190BE9259C0F7573F49190167299AA02FEF5BBD0E599616415138733,Pyraloidea,Snout moths,moths
Catoptria falsella,78829412-c44a-43b1-a88a-8d4505ac5e58_image,Pyraloidea,Snout moths,moths
Catoptria falsella,90AC6EE190627F5C7689F97C020E547583C4CDE628F3E2AB6BDDC7CBB3C34BE2,Pyraloidea,Snout moths,moths
Catoptria falsella,9273F9BA17D08E54D151123421D0F522C909249E29E0D86BE5D5E2C38FAB262C,Pyraloidea,Snout moths,moths
Catoptria falsella,941106901E6DA046830902E12710DA78B1E3AF42A2DD3BBAB03DCF7D319A71FA,Pyraloidea,Snout moths,moths
Catoptria falsella,A451B1A0BE613BE16BFE118BA67002F438FED98C5620AFE7FD8CC995312C939F,Pyraloidea,Snout moths,moths
Catoptria falsella,b03aae52-c6ad-4f55-ad47-4a80c8d62f5b_image,Pyraloidea,Snout moths,moths
Catoptria falsella,BBD723792883DA41A2AB78E3FE95C8E708221ADC6CD9476958485BFC7FF96135,Pyraloidea,Snout moths,moths
Catoptria falsella,BCBC6C3F9CCE2861B2BB44A679A7CA009C216B9ACA1E18C3CEC7FBDFE5C58AB4,Pyraloidea,Snout moths,moths
Catoptria falsella,C217C4071186DC9786CCB121C794C1933DA15D03E80DE43BCE31572FA4506BCB,Pyraloidea,Snout moths,moths
Catoptria falsella,cb09f02d-1f21-4a24-87dc-d08b0d2eb49c_image,Pyraloidea,Snout moths,moths
Catoptria falsella,CC0E260E6A50ABEC95FA8F0A824D4DCD40AEA4EC43E1B6C53AC5B77E42BCD3A5,Pyraloidea,Snout moths,moths
Catoptria falsella,CE9E1D3603BF67779939EDAD734A6103C61624436F25E6E5427570B9DA88C9E1,Pyraloidea,Snout moths,moths
Catoptria falsella,D382ABDF0DEB6A381F77FA6F0304A11D8E4500CC06F2210DEBD4E128478CC876,Pyraloidea,Snout moths,moths
Catoptria falsella,D72B9EC2DE6A5138DE31805DA03CE6E393017ACBEDBA681FB1C2739BAFF32DA8,Pyraloidea,Snout moths,moths
Catoptria falsella,E34D3154FA07DC87F334A1D642FB6D6FB0D6033485AAF1069506E03AC590D8F1,Pyraloidea,Snout moths,moths
Catoptria falsella,E4B135A4C5219C9A86E770293EDFFFC2E8FBB8E9B773FF0761493321973757A4,Pyraloidea,Snout moths,moths
Catoptria falsella,E7DEC5C409DCD96DD3D05F465F8CB5896C34DA311FF945B9500270FDFEB3CBB2,Pyraloidea,Snout moths,moths
Catoptria falsella,F05CFFB38E968AD803B528ECDF121F66EF92AB32A3F587E064D2B4F176CBFA08,Pyraloidea,Snout moths,moths
Catoptria falsella,F25D4492EEBAA3591F714AA140FE482CFC88D249D7EBFC551B782BCE2CD7EDA7,Pyraloidea,Snout moths,moths
Catoptria falsella,fa5efe1d-9550-4e74-9521-104bd2cb6255_image,Pyraloidea,Snout moths,moths
Catoptria falsella,FF9210E4C64DA2CDBE1E125CFDB2FA382FDE7C797E2B052EC3B1DC8EE444209B,Pyraloidea,Snout moths,moths
Catoptria falsella,NMR996800014557L,Pyraloidea,Snout moths,moths
Catoptria falsella,NMR996800014558L,Pyraloidea,Snout moths,moths
Catoptria oregonicus,IMG_018804,Pyraloidea,Snout moths,moths
Catoptria oregonicus,IMG_018806,Pyraloidea,Snout moths,moths
Catoptria oregonicus,IMG_018807,Pyraloidea,Snout moths,moths
Catoptria oregonicus,IMG_018808,Pyraloidea,Snout moths,moths
Catoptria oregonicus,IMG_018809,Pyraloidea,Snout moths,moths
Catoptria oregonicus,IMG_018810,Pyraloidea,Snout moths,moths
Catoptria oregonicus,IMG_018811,Pyraloidea,Snout moths,moths
Catoptria oregonicus,MEM368355_Catoptria_oregonica__1550602212_lg,Pyraloidea,Snout moths,moths
Ceratomia undulosa,ASUHIC0097288_habitus_dorsal_1506015859_lg,Bombycoidea,Sphynx/Silk moths,moths
Ceratomia undulosa,CSU_ENT0053626_1-5_1565821045_lg,Bombycoidea,Sphynx/Silk moths,moths
Ceratomia undulosa,CSU_ENT0053634_1-5_1565821559_lg,Bombycoidea,Sphynx/Silk moths,moths
Ceratomia undulosa,CSU_ENT0053643_1-5_1565821858_lg,Bombycoidea,Sphynx/Silk moths,moths
Ceratomia undulosa,IMG_019312,Bombycoidea,Sphynx/Silk moths,moths
Ceratomia undulosa,IMG_019316,Bombycoidea,Sphynx/Silk moths,moths
Ceratomia undulosa,IMG_019318,Bombycoidea,Sphynx/Silk moths,moths
Ceratomia undulosa,IMG_019320,Bombycoidea,Sphynx/Silk moths,moths
Ceratomia undulosa,MEM69185_Ceratomia_undulosa_DM_1501709315_lg,Bombycoidea,Sphynx/Silk moths,moths
Ceratomia undulosa,SDNHM121764,Bombycoidea,Sphynx/Silk moths,moths
Ceratomia undulosa,SDNHM121765,Bombycoidea,Sphynx/Silk moths,moths
Ceratomia undulosa,SDNHM121771,Bombycoidea,Sphynx/Silk moths,moths
Ceratomia undulosa,SDNHM121811,Bombycoidea,Sphynx/Silk moths,moths
Ceratomia undulosa,SDNHM121812(1),Bombycoidea,Sphynx/Silk moths,moths
Ceratomia undulosa,SDNHM121814,Bombycoidea,Sphynx/Silk moths,moths
Ceratomia undulosa,UDCC_TCN_0062119_2_1485445865_lg,Bombycoidea,Sphynx/Silk moths,moths
Chilo suppressalis,RMNH_INS_19356_1%2B1265302838,Pyraloidea,Snout moths,moths
Chlorosea margaretaria,ASUHIC0117603_habitus_dorsal_1565893133_lg,Geometroidea,Geometrid moths,moths
Chlorosea margaretaria,CSU_ENT1061003_1-3_1564404412_lg,Geometroidea,Geometrid moths,moths
Chlorosea margaretaria,CSU_ENT1150182_1-2_1604584638_lg,Geometroidea,Geometrid moths,moths
Chlorosea margaretaria,IMG_018712,Geometroidea,Geometrid moths,moths
Chlorosea margaretaria,IMG_018713,Geometroidea,Geometrid moths,moths
Chlorosea margaretaria,IMG_018714,Geometroidea,Geometrid moths,moths
Chlorosea margaretaria,IMG_018715,Geometroidea,Geometrid moths,moths
Chlorosea margaretaria,IMG_018716,Geometroidea,Geometrid moths,moths
Chlorosea margaretaria,IMG_018717,Geometroidea,Geometrid moths,moths
Chlorosea margaretaria,IMG_018718,Geometroidea,Geometrid moths,moths
Chlorosea margaretaria,IMG_018719,Geometroidea,Geometrid moths,moths
Chlorosea margaretaria,IMG_018720,Geometroidea,Geometrid moths,moths
Chlorosea margaretaria,IMG_018721,Geometroidea,Geometrid moths,moths
Cibyra sp,BC-CGCM_13.742%2B1220308630,Hepialoidea,Ghost moths,moths
Cigaritis takanonis,5ea52a32-7a42-4538-8663-22086034d4df,Papilionoidea,Papilionoid butterflies,butterflies
Cirrhochrista sp,IOZ_LEP_M_2838_S%2B1326819406,Pyraloidea,Snout moths,moths
Cnaphalocrocis medinalis,14552972919_20e8706544,Pyraloidea,Snout moths,moths
Cnaphalocrocis medinalis,15078174014_ea9f252fc1,Pyraloidea,Snout moths,moths
Cnaphalocrocis medinalis,15544522487_1d003395e1,Pyraloidea,Snout moths,moths
Cnaphalocrocis medinalis,24244696925_9d0ebd671a,Pyraloidea,Snout moths,moths
Cnaphalocrocis medinalis,24246718095_6225821eeb,Pyraloidea,Snout moths,moths
Cnaphalocrocis medinalis,27111342009_e311239ffa,Pyraloidea,Snout moths,moths
Cnaphalocrocis medinalis,27111342979_b8d3a80f3b,Pyraloidea,Snout moths,moths
Cnaphalocrocis medinalis,27845228119_9f74e8393e,Pyraloidea,Snout moths,moths
Cnaphalocrocis medinalis,28869799143_5ed941a2b6,Pyraloidea,Snout moths,moths
Cnaphalocrocis medinalis,31754857508_45cd8e8a5e,Pyraloidea,Snout moths,moths
Cnaphalocrocis medinalis,35434741566_f424e961a9,Pyraloidea,Snout moths,moths
Cnaphalocrocis medinalis,37787340601_b191218f55,Pyraloidea,Snout moths,moths
Cnaphalocrocis medinalis,38104151664_18fd9432b6,Pyraloidea,Snout moths,moths
Cnaphalocrocis medinalis,38172375034_3c5dd9ca2a,Pyraloidea,Snout moths,moths
Cnaphalocrocis medinalis,38243330012_5181656a7a,Pyraloidea,Snout moths,moths
Cnaphalocrocis medinalis,38789386262_4bc75ccbb5,Pyraloidea,Snout moths,moths
Cnaphalocrocis medinalis,44202616394_570141f116,Pyraloidea,Snout moths,moths
Cnaphalocrocis medinalis,45188168522_c4862e1cf0,Pyraloidea,Snout moths,moths
Cnaphalocrocis medinalis,46795168792_9a24502a1f,Pyraloidea,Snout moths,moths
Cnaphalocrocis medinalis,46945142391_9d82a2ea38,Pyraloidea,Snout moths,moths
Colias croceus,576325?rendering=original,Papilionoidea,Papilionoid butterflies,butterflies
Colias croceus,Colias croceus_Preview001,Papilionoidea,Papilionoid butterflies,butterflies
Colias croceus,F.413116_Colias_crocea_f,Papilionoidea,Papilionoid butterflies,butterflies
Colias croceus,NMR996800017494A,Papilionoidea,Papilionoid butterflies,butterflies
Colias croceus,NMR996800038223A,Papilionoidea,Papilionoid butterflies,butterflies
Colias croceus,SDNHM128558_V,Papilionoidea,Papilionoid butterflies,butterflies
Colla sp,04-SRNP-4956-DHJ329585%2B1145303950,Bombycoidea,Sphynx/Silk moths,moths
Coptotriche citrinipennella,MEM52322_Tisheria_citripennell_1538073160_lg,Tischerioidea,Trumpet leaf miner moths,moths
Culama sp,10ANIC_09161%2B1288924012,Cossoidea,Carpenter moths,moths
Cyclidia substigmaria,10552832444_71dcb73a86_q,Drepanoidea,Hook-tip moths,moths
Cyclidia substigmaria,5980306977_c35f4088d3_q,Drepanoidea,Hook-tip moths,moths
Cyclidia substigmaria,IMG_018695,Drepanoidea,Hook-tip moths,moths
Cyclidia substigmaria,IMG_018696,Drepanoidea,Hook-tip moths,moths
Cyclidia substigmaria,IMG_018697,Drepanoidea,Hook-tip moths,moths
Cyclidia substigmaria,IMG_018701,Drepanoidea,Hook-tip moths,moths
Cyclidia substigmaria,IMG_018702,Drepanoidea,Hook-tip moths,moths
Cyclidia substigmaria,IMG_018706,Drepanoidea,Hook-tip moths,moths
Cyclidia substigmaria,IMG_018707,Drepanoidea,Hook-tip moths,moths
Cydia pomonella,0017E3CDFBE01EE2D021A8ECE56FDCC50FCFD86EE3F6C4ADAD500C899F34DA60,Tortricoidea,Tortrix moths,moths
Cydia pomonella,25F4758BA1D8A41B9D6306A8FF0252880B0D8E5078784D02FD973AF09CD99F04,Tortricoidea,Tortrix moths,moths
Cydia pomonella,2C189CA9D046591A431EE3F47C0E264B556E2702CC9A95E29306FF0FAB9F95E3,Tortricoidea,Tortrix moths,moths
Cydia pomonella,57C2BFDB04620B6A9C0CD3EEAA8F1C0E068895D5461886A8CFEBE06B3F043BAD,Tortricoidea,Tortrix moths,moths
Cydia pomonella,65081AE38969445C2A22F1837CC3B019939FB18E82C38A3220816AC87261A38A,Tortricoidea,Tortrix moths,moths
Cydia pomonella,8FFCC115FCA05F47447256C3962B3026207971AA83DD877A06764F200A0E2507,Tortricoidea,Tortrix moths,moths
Cydia pomonella,AF682FAA948A6BADDC26E15982823710657D6165138D58214146DE1C22C6B389,Tortricoidea,Tortrix moths,moths
Cydia pomonella,ASUHIC0026968_habitus_dorsal_1555539012_lg,Tortricoidea,Tortrix moths,moths
Cydia pomonella,CEDA83B742BCA9008707547774E1F975E0D76EBB32362F1725666962DD1869DD,Tortricoidea,Tortrix moths,moths
Cydia pomonella,ED9E774897C2A26D97A361038B5A00773E6E093085C6D0DF04AC5105665A49D1,Tortricoidea,Tortrix moths,moths
Cydia pomonella,IMG_009593,Tortricoidea,Tortrix moths,moths
Cydia pomonella,IMG_018581,Tortricoidea,Tortrix moths,moths
Cydia pomonella,IMG_018583,Tortricoidea,Tortrix moths,moths
Cydia pomonella,IMG_018584,Tortricoidea,Tortrix moths,moths
Cydia pomonella,IMG_018597,Tortricoidea,Tortrix moths,moths
Cydia pomonella,IMG_018604,Tortricoidea,Tortrix moths,moths
Cydia pomonella,IMG_018624,Tortricoidea,Tortrix moths,moths
Cydia pomonella,IMG_018625,Tortricoidea,Tortrix moths,moths
Cydia pomonella,IMG_018629,Tortricoidea,Tortrix moths,moths
Cydia pomonella,IMG_018631,Tortricoidea,Tortrix moths,moths
Cydia pomonella,MEM348526_Cydia_pomonella_CEC_1527629515_lg,Tortricoidea,Tortrix moths,moths
Cydia pomonella,UDCC_TCN_00115474_1511284674,Tortricoidea,Tortrix moths,moths
Cydia pomonella,UDCC_TCN_00115477_1511284874,Tortricoidea,Tortrix moths,moths
Dalcera abrasa,CCDB-32787-F07%2B1547039940,Zygaenoidea,Burnet moths,moths
Danaus plexippus,008811_1558901310_lg,Papilionoidea,Papilionoid butterflies,butterflies
Danaus plexippus,189137_1558446413_lg,Papilionoidea,Papilionoid butterflies,butterflies
Danaus plexippus,189169_1558627232_lg,Papilionoidea,Papilionoid butterflies,butterflies
Danaus plexippus,189171_1558627605_lg,Papilionoidea,Papilionoid butterflies,butterflies
Danaus plexippus,189204_1558811252_lg,Papilionoidea,Papilionoid butterflies,butterflies
Danaus plexippus,Danaus plexippus_default,Papilionoidea,Papilionoid butterflies,butterflies
Danaus plexippus,IMG_041295,Papilionoidea,Papilionoid butterflies,butterflies
Danaus plexippus,UDCC_TCN_00061473_1473704940_lg,Papilionoidea,Papilionoid butterflies,butterflies
Danaus plexippus,UVGC0007072_dorsal_1646791255_lg,Papilionoidea,Papilionoid butterflies,butterflies
Danaus plexippus,UVGC0007081_dorsal_1652050112_lg,Papilionoidea,Papilionoid butterflies,butterflies
Danaus plexippus,UVGC0007096_1644615512,Papilionoidea,Papilionoid butterflies,butterflies
Danaus plexippus,UVGC0007097_1646945352,Papilionoidea,Papilionoid butterflies,butterflies
Danaus plexippus,VTEC000007917_1636483678_lg,Papilionoidea,Papilionoid butterflies,butterflies
Danaus plexippus,VTEC000007976_1632405259_lg,Papilionoidea,Papilionoid butterflies,butterflies
Danaus plexippus,VTEC000007978_1645563652_lg,Papilionoidea,Papilionoid butterflies,butterflies
Danaus plexippus,VTEC000007992_1645647188_lg,Papilionoidea,Papilionoid butterflies,butterflies
Danaus plexippus,VTEC000007994_1645648120_lg,Papilionoidea,Papilionoid butterflies,butterflies
Danaus plexippus,VTEC000008003_1645651972_lg,Papilionoidea,Papilionoid butterflies,butterflies
Darapsa myron,CSU_ENT0057901_1-3_1581433957_lg,Bombycoidea,Sphynx/Silk moths,moths
Darapsa myron,CSU_ENT0057910_1-3_1581433918_lg,Bombycoidea,Sphynx/Silk moths,moths
Darapsa myron,CSU_ENT0057917_1-3_1581433375_lg,Bombycoidea,Sphynx/Silk moths,moths
Darapsa myron,CSU_ENT0057928_1-3_1581433327_lg,Bombycoidea,Sphynx/Silk moths,moths
Darapsa myron,CSU_ENT1010320_1-5_1568383962_lg,Bombycoidea,Sphynx/Silk moths,moths
Darapsa myron,IMG_019217,Bombycoidea,Sphynx/Silk moths,moths
Darapsa myron,IMG_019220,Bombycoidea,Sphynx/Silk moths,moths
Darapsa myron,IMG_019225,Bombycoidea,Sphynx/Silk moths,moths
Darapsa myron,IMG_019226,Bombycoidea,Sphynx/Silk moths,moths
Darapsa myron,IMG_019227,Bombycoidea,Sphynx/Silk moths,moths
Darapsa myron,IMG_019228,Bombycoidea,Sphynx/Silk moths,moths
Darapsa myron,SDNHM195569,Bombycoidea,Sphynx/Silk moths,moths
Darapsa myron,SDNHM195572,Bombycoidea,Sphynx/Silk moths,moths
Darapsa myron,UDCC_TCN_00061998_2_1484667657_lg,Bombycoidea,Sphynx/Silk moths,moths
Darapsa myron,UDCC_TCN_00061999_1484667959_lg,Bombycoidea,Sphynx/Silk moths,moths
Darapsa myron,UDCC_TCN_00062099_1486414935_lg,Bombycoidea,Sphynx/Silk moths,moths
Demonarosa rufotessellata,21675481213_034cb68548,Zygaenoidea,Burnet moths,moths
Demonarosa rufotessellata,26498839739_0752fd3374,Zygaenoidea,Burnet moths,moths
Demonarosa rufotessellata,27382230024_cb90068532,Zygaenoidea,Burnet moths,moths
Demonarosa rufotessellata,29216260585_2503487952,Zygaenoidea,Burnet moths,moths
Demonarosa rufotessellata,30946557447_497aa5448c,Zygaenoidea,Burnet moths,moths
Demonarosa rufotessellata,30999773710_42ffe3a4fe,Zygaenoidea,Burnet moths,moths
Demonarosa rufotessellata,31364368455_5ec6f710f1,Zygaenoidea,Burnet moths,moths
Demonarosa rufotessellata,36731095113_7ed7d6df2d,Zygaenoidea,Burnet moths,moths
Demonarosa rufotessellata,44713227705_e73dac5cec,Zygaenoidea,Burnet moths,moths
Demonarosa rufotessellata,44962338221_3a6368fcaa,Zygaenoidea,Burnet moths,moths
Demonarosa rufotessellata,45561955021_607c691c5a,Zygaenoidea,Burnet moths,moths
Dendrolimus pini,02F890842D08BA993306F139B5574989A382AA284273F7493914C606318DC08E,Lasiocampoidea,Eggars/Tent moths,moths
Dendrolimus pini,038-03-Dendrolimus_pini_(3908&3909),Lasiocampoidea,Eggars/Tent moths,moths
Dendrolimus pini,0F14F4C69BB06012D6C1D3DF6B433E75501DF0E49BBB8599E5FC5198DBC75C84,Lasiocampoidea,Eggars/Tent moths,moths
Dendrolimus pini,3CA795B4EDA94361F61B490FD64A7E4376CE9989DC98EEFE45E6961063E3FE52,Lasiocampoidea,Eggars/Tent moths,moths
Dendrolimus pini,628B15F67B1C7E3469C20AA1349D6286C26F81E9F56E8B9C64FB829BC0DCABBF,Lasiocampoidea,Eggars/Tent moths,moths
Dendrolimus pini,661C130DDA81A489EDCF372D176F4E526F31C9FEC804731F17B8C7B03663D51D,Lasiocampoidea,Eggars/Tent moths,moths
Dendrolimus pini,6CDDC809623FFE232636B776D0E03FA8F6D062309AF0FECB36CF8B83ACD9E66A,Lasiocampoidea,Eggars/Tent moths,moths
Dendrolimus pini,6FAC67B7175BA5C5B8CD317065D13033D76EF137E9D2088D3B97B0599D9D250E,Lasiocampoidea,Eggars/Tent moths,moths
Dendrolimus pini,888AC26B947303988FCE3F8872EDA30295AFBF3EF3067A464524A4197DF6ED74,Lasiocampoidea,Eggars/Tent moths,moths
Dendrolimus pini,8AB25437945DA0563F8E92061781F99B795CEF483B6B58A0EC8014B4805777A9,Lasiocampoidea,Eggars/Tent moths,moths
Dendrolimus pini,B116E5F7FB169620E586336B46C77B4CCC76595A4C714F79D77843A4DCF24148,Lasiocampoidea,Eggars/Tent moths,moths
Dendrolimus pini,Dendrolimus pini_Preview001,Lasiocampoidea,Eggars/Tent moths,moths
Dendrolimus pini,E1D9A7EFB88CBCBD4EAFB4A3A250EB7E3DA17C1DA279C0A720C36D93121889F8,Lasiocampoidea,Eggars/Tent moths,moths
Dendrolimus pini,IMG_018977,Lasiocampoidea,Eggars/Tent moths,moths
Dendrolimus pini,IMG_018984,Lasiocampoidea,Eggars/Tent moths,moths
Dendrolimus pini,IMG_018997,Lasiocampoidea,Eggars/Tent moths,moths
Dichomeris punctidiscella,jflandry2359%2B1126530150,Gelechioidea,Curved-horn moths,moths
Doa sp,CCDB-20803-F03%2B1375991042,Drepanoidea,Hook-tip moths,moths
Dryadaula visaliella,MEM53261_Dryadaula_visaliella__1506631756_lg,Tineoidea,Clothes moths,moths
Dryadaula visaliella,MEM53265_Dryadaula_visaliella__1522770561_lg,Tineoidea,Clothes moths,moths
Dryadaula visaliella,MEM53267_Dryadaula_visaliella__1522770587_lg,Tineoidea,Clothes moths,moths
Dyseriocrania subpurpurella,13CCE0F476ED93208583B40150B891EE6198AD5DCDEBEFE146DEF41B17E133F4,Eriocranioidea,Sparkling archaic sun moths,moths
Dyseriocrania subpurpurella,17FD3618B4E08E53B6CF1992C52CF4F4E2FC2D0387FC2DC8112CFF9C974E1778,Eriocranioidea,Sparkling archaic sun moths,moths
Dyseriocrania subpurpurella,183098,Eriocranioidea,Sparkling archaic sun moths,moths
Dyseriocrania subpurpurella,441AA1EA72B9D7A8941000177D1349E5CD4BA40DF8D4D2CCC2A392E36E17C741,Eriocranioidea,Sparkling archaic sun moths,moths
Dyseriocrania subpurpurella,8B3BF27AAB5279F5A47D3B375073367FA92EF05BA2FFF68EF1D76E76AE0ABD78,Eriocranioidea,Sparkling archaic sun moths,moths
Dyseriocrania subpurpurella,9801e63f-3203-419a-b1ea-f4e950cc1df7_image,Eriocranioidea,Sparkling archaic sun moths,moths
Dyseriocrania subpurpurella,B16A119DAF411357B281CE596558C5C84F0153058AC73F992D7624A67C17EB2B,Eriocranioidea,Sparkling archaic sun moths,moths
Dyseriocrania subpurpurella,BA17A688A33ADC8C82C1F038A816FB4E8E7E978BB8FFD3CAA56BF6A5B6BA08CD,Eriocranioidea,Sparkling archaic sun moths,moths
Dyseriocrania subpurpurella,C7FC2D8DE0986A4AC0CB8D3BC3D5A6FC3168D9DC3196D3B4D4B3DCC2887F5437,Eriocranioidea,Sparkling archaic sun moths,moths
Dyseriocrania subpurpurella,F5C4F79EDEEE0648F54FAE02CBF40C628F1A79F79A3D2CCED299F61133547C08,Eriocranioidea,Sparkling archaic sun moths,moths
Eacles sp,IMG_7873%2B1258561388,Bombycoidea,Sphynx/Silk moths,moths
Ectropis obliqua,SDNU-INS-01286%2B1600121970,Geometroidea,Geometrid moths,moths
Emmelina monodactyla,119f21c4-c2ad-4189-9f54-55ff96e86fe5_image,Pterophoroidea,Plume moths,moths
Emmelina monodactyla,37b33d47-6a18-42fb-99f7-a03bfc743fd2_image,Pterophoroidea,Plume moths,moths
Emmelina monodactyla,54abba0d-5b88-4380-9415-b19035fb0952_image,Pterophoroidea,Plume moths,moths
Emmelina monodactyla,5726CFDB52BF98C5D05E36381BD59E3AE8E52830B1752DDB838E2D56BBA990B7,Pterophoroidea,Plume moths,moths
Emmelina monodactyla,6c551d86-9517-48c2-80d3-ceaa4cfba7bc_image,Pterophoroidea,Plume moths,moths
Emmelina monodactyla,92B4C55075004BE60083FE1754C7DF202A029949039DA591BE5544299E9076CB,Pterophoroidea,Plume moths,moths
Emmelina monodactyla,941324F5696F564C4A8052DFF80B14191C858B4CC34FF2D201451DA17867846E,Pterophoroidea,Plume moths,moths
Emmelina monodactyla,A713EFE6DED1F50E476F3202E5751A9C5ED0463188C89F247A752296AF65B2E7,Pterophoroidea,Plume moths,moths
Emmelina monodactyla,B66F327774188FB239C37EC44E0A322B860BDB3FC942207A70C04D2627EB407E,Pterophoroidea,Plume moths,moths
Emmelina monodactyla,SDNHM153798,Pterophoroidea,Plume moths,moths
Emmelina monodactyla,SDNHM153875,Pterophoroidea,Plume moths,moths
Emmelina monodactyla,SDNHM153877,Pterophoroidea,Plume moths,moths
Enteucha acetosae,G01.IO0358%2B1449242314,Nepticuloidea,Pygmy leafminer moths,moths
Enyo lugubris,IMG_019229,Bombycoidea,Sphynx/Silk moths,moths
Enyo lugubris,IMG_019230,Bombycoidea,Sphynx/Silk moths,moths
Enyo lugubris,IMG_019236,Bombycoidea,Sphynx/Silk moths,moths
Enyo lugubris,IMG_019238,Bombycoidea,Sphynx/Silk moths,moths
Enyo lugubris,SDNHM129426,Bombycoidea,Sphynx/Silk moths,moths
Enyo lugubris,SDNHM129427,Bombycoidea,Sphynx/Silk moths,moths
Enyo lugubris,SDNHM129431,Bombycoidea,Sphynx/Silk moths,moths
Enyo lugubris,SDNHM129436,Bombycoidea,Sphynx/Silk moths,moths
Enyo lugubris,SDNHM129437,Bombycoidea,Sphynx/Silk moths,moths
Enyo lugubris,SDNHM129438,Bombycoidea,Sphynx/Silk moths,moths
Enyo lugubris,SDNHM129455,Bombycoidea,Sphynx/Silk moths,moths
Enyo lugubris,SDNHM129470,Bombycoidea,Sphynx/Silk moths,moths
Epicopeia hainseii,D17%2B1509574110,Geometroidea,Geometrid moths,moths
Eudarcia simulatricella,USNMENT00656563%2B1296840546,Tineoidea,Clothes moths,moths
Eudocima salaminia,20614646294_9c107c6afe,Noctuoidea,Owlet moths,moths
Eudocima salaminia,22922476872_f51994a843,Noctuoidea,Owlet moths,moths
Eudocima salaminia,22935895785_d0e56563b2,Noctuoidea,Owlet moths,moths
Eudocima salaminia,24159221714_2f4fe4980c,Noctuoidea,Owlet moths,moths
Eudocima salaminia,24433071873_abcf961302,Noctuoidea,Owlet moths,moths
Eudocima salaminia,26288031172_ceaaa78546,Noctuoidea,Owlet moths,moths
Eudocima salaminia,27970198435_0ff4f039dd,Noctuoidea,Owlet moths,moths
Eudocima salaminia,27999114091_89678d23b6,Noctuoidea,Owlet moths,moths
Eudocima salaminia,29897462036_0967c034ed,Noctuoidea,Owlet moths,moths
Eudocima salaminia,31686777398_b0a159d8c1,Noctuoidea,Owlet moths,moths
Eudocima salaminia,33068094318_67a45884f7,Noctuoidea,Owlet moths,moths
Eudocima salaminia,34489239770_31b172eb31,Noctuoidea,Owlet moths,moths
Eudocima salaminia,IMG_005333,Noctuoidea,Owlet moths,moths
Eudocima salaminia,IMG_005336,Noctuoidea,Owlet moths,moths
Eudocima salaminia,IMG_005337,Noctuoidea,Owlet moths,moths
Eudocima salaminia,IMG_005338,Noctuoidea,Owlet moths,moths
Euproctis chrysorrhoea,055-10-Euproctis_chrysorrhoea_(5260&5261),Noctuoidea,Owlet moths,moths
Euproctis chrysorrhoea,581781E60B7CBAD69F6580303D540F5F82BD61A141555FF4ED3B7EBB740714CC,Noctuoidea,Owlet moths,moths
Euproctis chrysorrhoea,A2F0E0D4802535C62D921B7C225530C13983299F4B4A0AECEF0724E69D59412D,Noctuoidea,Owlet moths,moths
Euproctis chrysorrhoea,C7E94AD8EF721B3DCB0615DBF19B1607E62ADC46DA7F6AE045AF7B743082C349,Noctuoidea,Owlet moths,moths
Euproctis chrysorrhoea,IMG_019027,Noctuoidea,Owlet moths,moths
Euproctis chrysorrhoea,IMG_019036,Noctuoidea,Owlet moths,moths
Euproctis chrysorrhoea,IMG_019037,Noctuoidea,Owlet moths,moths
Euproctis chrysorrhoea,IMG_019038,Noctuoidea,Owlet moths,moths
Eupterote muluana,SNB_3061%2B1314540344,Bombycoidea,Sphynx/Silk moths,moths
Galleria melonella,BIOUG12229-A11%2B1402061280,Pyraloidea,Snout moths,moths
Ganisa similis,SNB_2503%2B1300023362,Bombycoidea,Sphynx/Silk moths,moths
Givira mucida,1920px-Givira_mucidus_ASUHIC0080548,Cossoidea,Carpenter moths,moths
Grapholita dimorpha,CNCLEP00147015%2B1473448665,Tortricoidea,Tortrix moths,moths
Harmaclona sp,CCDB-33979-D05%2B1588945056,Tineoidea,Clothes moths,moths
Hebomoia glaucippe,576357?rendering=original,Papilionoidea,Papilionoid butterflies,butterflies
Hebomoia glaucippe,576361?rendering=original,Papilionoidea,Papilionoid butterflies,butterflies
Hebomoia glaucippe,a6f4cef6-2a11-4e1c-862c-a2476b853e2a,Papilionoidea,Papilionoid butterflies,butterflies
Hebomoia glaucippe,IMG_086222,Papilionoidea,Papilionoid butterflies,butterflies
Heliconius melpomene,CAM000063_d,Papilionoidea,Papilionoid butterflies,butterflies
Heliconius melpomene,CAM000132_d,Papilionoidea,Papilionoid butterflies,butterflies
Heliconius melpomene,CAM000501_d,Papilionoidea,Papilionoid butterflies,butterflies
Heliconius melpomene,CAM008689_v,Papilionoidea,Papilionoid butterflies,butterflies
Heliconius melpomene,CAM008702_d,Papilionoidea,Papilionoid butterflies,butterflies
Heliconius melpomene,CAM040535_d,Papilionoidea,Papilionoid butterflies,butterflies
Heliconius melpomene,CAM040536_v,Papilionoidea,Papilionoid butterflies,butterflies
Heliconius melpomene,CAM040565_v,Papilionoidea,Papilionoid butterflies,butterflies
Heliconius melpomene,CAM040682_d,Papilionoidea,Papilionoid butterflies,butterflies
Heliconius melpomene,CAM041091_v,Papilionoidea,Papilionoid butterflies,butterflies
Helicopsyche borealis,ccdb-02858-007%2B1244222602,Trichoptera,Caddisflies caddisflies,caddisflies
Helicopsyche borealis,DRCAD09-7%2B1237991662,Trichoptera,Caddisflies caddisflies,caddisflies
Helicoverpa zea,ASUHIC0073178_habitus_dorsal_1587407280_lg,Noctuoidea,Owlet moths,moths
Helicoverpa zea,ASUHIC0073179_habitus_dorsal_1587407341_lg,Noctuoidea,Owlet moths,moths
Helicoverpa zea,CSU_ENT1148166_1-2_1607027854_lg,Noctuoidea,Owlet moths,moths
Helicoverpa zea,CSU_ENT1165235_1-2_1620997054_lg,Noctuoidea,Owlet moths,moths
Helicoverpa zea,CSU_ENT1165252_1-2_1620997028_lg,Noctuoidea,Owlet moths,moths
Helicoverpa zea,CSU_ENT1165350_1-2_1620996901_lg,Noctuoidea,Owlet moths,moths
Helicoverpa zea,CSU_ENT1165355_1-2_1620996871_lg,Noctuoidea,Owlet moths,moths
Helicoverpa zea,CSU_ENT1165364_1-2_1620995982_lg,Noctuoidea,Owlet moths,moths
Helicoverpa zea,da4751b35937fb359fc1454257376ca6?size=fullsize,Noctuoidea,Owlet moths,moths
Helicoverpa zea,IMG_019092,Noctuoidea,Owlet moths,moths
Helicoverpa zea,Md4gdmTFnnxXfFkNMeSRMNyE7HZvh51010G8l6rG,Noctuoidea,Owlet moths,moths
Helicoverpa zea,UDCC_TCN_00117379_2_1517929803_lg,Noctuoidea,Owlet moths,moths
Helicoverpa zea,UHIM2013.33806_lg,Noctuoidea,Owlet moths,moths
Helicoverpa zea,UHIM2013.33808_lg,Noctuoidea,Owlet moths,moths
Helicoverpa zea,UHIM2013.33814_lg,Noctuoidea,Owlet moths,moths
Helicoverpa zea,UHIM2013.33817_lg,Noctuoidea,Owlet moths,moths
Helicoverpa zea,UHIM2013.33818_lg,Noctuoidea,Owlet moths,moths
Helicoverpa zea,UHIM2013.33827_lg,Noctuoidea,Owlet moths,moths
Helicoverpa zea,UHIM2013.33829_lg,Noctuoidea,Owlet moths,moths
Helicoverpa zea,UHIM2013.33837_lg,Noctuoidea,Owlet moths,moths
Helicoverpa zea,UHIM2013.33838_lg,Noctuoidea,Owlet moths,moths
Helicoverpa zea,UHIM2013.33842_lg,Noctuoidea,Owlet moths,moths
Helicoverpa zea,UHIM2013.33844_lg,Noctuoidea,Owlet moths,moths
Helicoverpa zea,UHIM2013.33846_lg,Noctuoidea,Owlet moths,moths
Helicoverpa zea,UHIM2013.33853_lg,Noctuoidea,Owlet moths,moths
Helicoverpa zea,UHIM2013.33854_lg,Noctuoidea,Owlet moths,moths
Helicoverpa zea,UHIM2015.13224_lg,Noctuoidea,Owlet moths,moths
Helicoverpa zea,UHIM2015.13225_lg,Noctuoidea,Owlet moths,moths
Helicoverpa zea,UHIM2015.13226_lg,Noctuoidea,Owlet moths,moths
Helicoverpa zea,UHIM2015.13230_lg,Noctuoidea,Owlet moths,moths
Helicoverpa zea,UHIM2015.13231_lg,Noctuoidea,Owlet moths,moths
Helicoverpa zea,UHIM2015.13232_lg,Noctuoidea,Owlet moths,moths
Heliothis virescens,LEPANT20[129]+1609424736,Noctuoidea,Owlet moths,moths
Hemaris diffinis,CSU_ENT0056058_1-3_1569522574_lg,Bombycoidea,Sphynx/Silk moths,moths
Hemaris diffinis,CSU_ENT1003592_1-3_1569523025_lg,Bombycoidea,Sphynx/Silk moths,moths
Hemaris diffinis,IMG_019191,Bombycoidea,Sphynx/Silk moths,moths
Hemaris diffinis,SDNHM129810,Bombycoidea,Sphynx/Silk moths,moths
Hemaris diffinis,SDNHM129854,Bombycoidea,Sphynx/Silk moths,moths
Hemaris diffinis,SDNHM129965,Bombycoidea,Sphynx/Silk moths,moths
Hemaris diffinis,SDNHM130032,Bombycoidea,Sphynx/Silk moths,moths
Hemaris diffinis,SDNHM130592,Bombycoidea,Sphynx/Silk moths,moths
Hemaris diffinis,SDNHM130649,Bombycoidea,Sphynx/Silk moths,moths
Hemaris diffinis,SDNHM130653,Bombycoidea,Sphynx/Silk moths,moths
Hemerophila diva,CCDB-19579-G01%2B1352839720,Choreutoidea,Metalmark moths,moths
Hemerophila diva,CCDB-19579-G02%2B1352839756,Choreutoidea,Metalmark moths,moths
Hemerophila diva,CCDB-30828-A05%2B1540217220,Choreutoidea,Metalmark moths,moths
Hemerophila diva,CNCLEP00098704%2B1366210560,Choreutoidea,Metalmark moths,moths
Hemerophila diva,CNCLEP00224885%2B1572580080,Choreutoidea,Metalmark moths,moths
Hemiargus ceraunus,IMG_152199,Papilionoidea,Papilionoid butterflies,butterflies
Hemiargus ceraunus,SDNHM205614,Papilionoidea,Papilionoid butterflies,butterflies
Hemiargus ceraunus,SDNHM205631,Papilionoidea,Papilionoid butterflies,butterflies
Hemiargus ceraunus,SDNHM205653,Papilionoidea,Papilionoid butterflies,butterflies
Hemiargus ceraunus,SDNHM205666,Papilionoidea,Papilionoid butterflies,butterflies
Hemiargus ceraunus,SDNHM205681,Papilionoidea,Papilionoid butterflies,butterflies
Hemiargus ceraunus,SDNHM205683,Papilionoidea,Papilionoid butterflies,butterflies
Hemiargus ceraunus,SDNHM205697,Papilionoidea,Papilionoid butterflies,butterflies
Hemiargus ceraunus,SDNHM205710,Papilionoidea,Papilionoid butterflies,butterflies
Hemiargus ceraunus,SDNHM205730,Papilionoidea,Papilionoid butterflies,butterflies
Hemiargus ceraunus,SDNHM205759,Papilionoidea,Papilionoid butterflies,butterflies
Hemiargus ceraunus,SDNHM205827,Papilionoidea,Papilionoid butterflies,butterflies
Hemiargus ceraunus,SDNHM205838,Papilionoidea,Papilionoid butterflies,butterflies
Hemiargus ceraunus,SDNHM205890,Papilionoidea,Papilionoid butterflies,butterflies
Hemiargus ceraunus,SDNHM205907,Papilionoidea,Papilionoid butterflies,butterflies
Hemiargus ceraunus,SDNHM205925,Papilionoidea,Papilionoid butterflies,butterflies
Hemiargus ceraunus,SDNHM205988,Papilionoidea,Papilionoid butterflies,butterflies
Hemiargus ceraunus,VTEC000000782_1485987385_lg,Papilionoidea,Papilionoid butterflies,butterflies
Hemiargus ceraunus,VTEC000000783_1485987412_lg,Papilionoidea,Papilionoid butterflies,butterflies
Hemileuca maia,ca062cc505104b9cb877cb4743149a33?size=fullsize,Bombycoidea,Sphynx/Silk moths,moths
Hemileuca maia,Hemileuca maia_default,Bombycoidea,Sphynx/Silk moths,moths
Hemileuca maia,sp66685258212520319988.att,Bombycoidea,Sphynx/Silk moths,moths
Hemileuca maia,UDCC_TCN_00062157_1487019386_lg,Bombycoidea,Sphynx/Silk moths,moths
Hemileuca maia,UDCC_TCN_00062159_1487020633_lg,Bombycoidea,Sphynx/Silk moths,moths
Hemileuca maia,UKIC_0020644_1634495195_lg,Bombycoidea,Sphynx/Silk moths,moths
Hemileuca maia,UKIC_0020648_1634493385_lg,Bombycoidea,Sphynx/Silk moths,moths
Hemileuca maia,UKIC_0020691_1634561264_lg,Bombycoidea,Sphynx/Silk moths,moths
Hemileuca maia,UKIC_0020749_1634493889_lg,Bombycoidea,Sphynx/Silk moths,moths
Hemileuca maia,UKIC_0020759_1634560794_lg,Bombycoidea,Sphynx/Silk moths,moths
Hemileuca maia,UKIC_0020799_1634494398_lg,Bombycoidea,Sphynx/Silk moths,moths
Hemileuca maia,UKIC_0020824_1634493220_lg,Bombycoidea,Sphynx/Silk moths,moths
Hemileuca maia,UKIC_0020856_1634493706_lg,Bombycoidea,Sphynx/Silk moths,moths
Hemileuca maia,UKIC_0020873_1634490629_lg,Bombycoidea,Sphynx/Silk moths,moths
Hemileuca maia,UKIC_0020879_1634561026_lg,Bombycoidea,Sphynx/Silk moths,moths
Heterobathmia sp,hpseuderiocrania,Heterobathmioidea,Valdivian archaic moths,moths
Hylephila phyleus,20283151dece0fc141385cb9017c3091?size=fullsize,Papilionoidea,Papilionoid butterflies,butterflies
Hylephila phyleus,2439bc13184ee2b054949a6b8a5c38fc?size=fullsize,Papilionoidea,Papilionoid butterflies,butterflies
Hylephila phyleus,3f0e9e2e3499e6ae65f987c2835e47e2?size=fullsize,Papilionoidea,Papilionoid butterflies,butterflies
Hylephila phyleus,a181245ce334574e76fde2e84c05fcb1?size=fullsize,Papilionoidea,Papilionoid butterflies,butterflies
Hylephila phyleus,CSU_ENT1022473_ventral_1_3_1500042139_lg,Papilionoidea,Papilionoid butterflies,butterflies
Hylephila phyleus,CSU_ENT1022490_ventral_1_3_1500041854_lg,Papilionoidea,Papilionoid butterflies,butterflies
Hylephila phyleus,IMG_090127,Papilionoidea,Papilionoid butterflies,butterflies
Hylephila phyleus,IMG_090130,Papilionoidea,Papilionoid butterflies,butterflies
Hylephila phyleus,IMG_090142,Papilionoidea,Papilionoid butterflies,butterflies
Hylephila phyleus,IMG_090147,Papilionoidea,Papilionoid butterflies,butterflies
Hylephila phyleus,IMG_090150,Papilionoidea,Papilionoid butterflies,butterflies
Hylephila phyleus,IMG_090166,Papilionoidea,Papilionoid butterflies,butterflies
Hylephila phyleus,IMG_090169,Papilionoidea,Papilionoid butterflies,butterflies
Hylephila phyleus,IMG_090198,Papilionoidea,Papilionoid butterflies,butterflies
Hylephila phyleus,IMG_158413,Papilionoidea,Papilionoid butterflies,butterflies
Hylephila phyleus,IMG_164914,Papilionoidea,Papilionoid butterflies,butterflies
Hylephila phyleus,IMG_164920,Papilionoidea,Papilionoid butterflies,butterflies
Hylephila phyleus,IMG_164921,Papilionoidea,Papilionoid butterflies,butterflies
Hylephila phyleus,IMG_165056,Papilionoidea,Papilionoid butterflies,butterflies
Hylephila phyleus,IMG_165087,Papilionoidea,Papilionoid butterflies,butterflies
Hylephila phyleus,IMG_165090,Papilionoidea,Papilionoid butterflies,butterflies
Hylephila phyleus,IMG_165094,Papilionoidea,Papilionoid butterflies,butterflies
Hylephila phyleus,SDNHM141567,Papilionoidea,Papilionoid butterflies,butterflies
Hylephila phyleus,SDNHM141590,Papilionoidea,Papilionoid butterflies,butterflies
Hylephila phyleus,SDNHM141592,Papilionoidea,Papilionoid butterflies,butterflies
Hylephila phyleus,SDNHM141604,Papilionoidea,Papilionoid butterflies,butterflies
Hylephila phyleus,SDNHM141643,Papilionoidea,Papilionoid butterflies,butterflies
Hylephila phyleus,SDNHM141646,Papilionoidea,Papilionoid butterflies,butterflies
Hylephila phyleus,SDNHM141650,Papilionoidea,Papilionoid butterflies,butterflies
Hylephila phyleus,UHIM2013.07912_lg,Papilionoidea,Papilionoid butterflies,butterflies
Hylephila phyleus,UHIM2013.07917_lg,Papilionoidea,Papilionoid butterflies,butterflies
Hylephila phyleus,UHIM2013.07923_lg,Papilionoidea,Papilionoid butterflies,butterflies
Hyles euphorbiae,045-02-Hyles_euphorbiae_(4228),Bombycoidea,Sphynx/Silk moths,moths
Hyles euphorbiae,07CA950EAD315A6C273306CA288831BE9A934545635A90CDB17FED40C2CAA196,Bombycoidea,Sphynx/Silk moths,moths
Hyles euphorbiae,83cb6bd9-4f05-4c0e-a6b0-503335d1a4d8,Bombycoidea,Sphynx/Silk moths,moths
Hyles euphorbiae,8AFAD36C763B5AF1DC1AA68CA449FD753E9877672FBC89DE9730607AF4AD6593,Bombycoidea,Sphynx/Silk moths,moths
Hyles euphorbiae,8fb0ab09-58b9-4561-a983-0fd8f0003d25,Bombycoidea,Sphynx/Silk moths,moths
Hyles euphorbiae,9D218DA91DACE7AC315000F1FB12BDCACC9FEBEBBFCBB7BD5AA912A6E82E2588,Bombycoidea,Sphynx/Silk moths,moths
Hyles euphorbiae,A2E8143C7EA0E8C7FE1411882142E295E437607979C1A49B72054FF69DE04014,Bombycoidea,Sphynx/Silk moths,moths
Hyles euphorbiae,aa17a8b1-b61c-4e33-b0e9-73b9a22ec0b0,Bombycoidea,Sphynx/Silk moths,moths
Hyles euphorbiae,b121310f-f9b4-4f29-833a-79151ba3b9c7,Bombycoidea,Sphynx/Silk moths,moths
Hyles euphorbiae,ba24d4bf-c3ce-4600-b809-24fbc80b5d1d,Bombycoidea,Sphynx/Silk moths,moths
Hyles euphorbiae,BD2FE3FA8973D06689A7E763C0353F988958AE05303CB55523784462D87D5D4B,Bombycoidea,Sphynx/Silk moths,moths
Hyles euphorbiae,CSU_ENT1146633_1-3_1617200380_lg,Bombycoidea,Sphynx/Silk moths,moths
Hyles euphorbiae,CSU_ENT1152575_1-3_1600347676_lg,Bombycoidea,Sphynx/Silk moths,moths
Hyles euphorbiae,Hyles euphorbiae_Preview001,Bombycoidea,Sphynx/Silk moths,moths
Hyposmocoma kahamanoa,Hyposmocoma_tantala,Gelechioidea,Curved-horn moths,moths
Idaea sp,BC_ZSM_Lep_63557%2B1331892226,Geometroidea,Geometrid moths,moths
Imma tetrascia,10ANIC-02007%2B1286933156,Immoidea,Pantropical moths,moths
Junonia coenia,SDNHM222391,Papilionoidea,Papilionoid butterflies,butterflies
Junonia coenia,ypm:03dbc1ed-b8f6-4543-9945-4ae08f5ccd33,Papilionoidea,Papilionoid butterflies,butterflies
Junonia coenia,ypm:10e69545-f6cf-4319-8414-62440ed074ae,Papilionoidea,Papilionoid butterflies,butterflies
Junonia coenia,ypm:3ed5d941-f102-490f-90ed-d3244a97da65,Papilionoidea,Papilionoid butterflies,butterflies
Junonia coenia,ypm:81ecd12f-9fb1-4930-826b-10fed620d311,Papilionoidea,Papilionoid butterflies,butterflies
Junonia coenia,ypm:9c53e019-d3dd-4c2c-ad6c-46c75cc6c0d3,Papilionoidea,Papilionoid butterflies,butterflies
Junonia coenia,ypm:f98149d2-a25a-49a1-82b7-5b5a1e0b6057,Papilionoidea,Papilionoid butterflies,butterflies
Lacosoma chiridota,2f2d368e15f99fa057bf0d463ef452ab?size=fullsize,Mimallonoidea,Sack-bearer moths,moths
Lacosoma chiridota,IMG_011576,Mimallonoidea,Sack-bearer moths,moths
Lacosoma chiridota,ypm:02a26977-f7b6-449c-97c8-8ff9d600ef63,Mimallonoidea,Sack-bearer moths,moths
Lacosoma chiridota,ypm:12a5e3c3-a89e-440b-9681-934b03d1a28f,Mimallonoidea,Sack-bearer moths,moths
Lacosoma chiridota,ypm:1d080078-b83a-4498-9801-80ce4f872d2d,Mimallonoidea,Sack-bearer moths,moths
Lacosoma chiridota,ypm:3142d3d4-4d64-4447-af11-22fe8c912dc8,Mimallonoidea,Sack-bearer moths,moths
Lacosoma chiridota,ypm:3831df39-70e2-4c69-9473-19bcddba4d4b,Mimallonoidea,Sack-bearer moths,moths
Lacosoma chiridota,ypm:491d7011-c81a-40ce-a188-99509cb7129e,Mimallonoidea,Sack-bearer moths,moths
Lacosoma chiridota,ypm:5d4961f2-e7b8-45e4-b79c-47348538d36f,Mimallonoidea,Sack-bearer moths,moths
Lacosoma chiridota,ypm:97a73397-b1ca-4929-8c7e-5c8225f47635,Mimallonoidea,Sack-bearer moths,moths
Lacosoma chiridota,ypm:dc87c8a7-778c-4ff2-b82f-b9138c42d78e,Mimallonoidea,Sack-bearer moths,moths
Lacosoma chiridota,ypm:e69bde4e-9faa-4167-bc58-415989ca1b2d,Mimallonoidea,Sack-bearer moths,moths
Lacosoma chiridota,ypm:fb670a88-9b59-44d9-9311-daa739f3a06f,Mimallonoidea,Sack-bearer moths,moths
Lactura subfervens,2d6e8912-15e5-40e6-abdb-958eafcfdd23,Zygaenoidea,Burnet moths,moths
Lactura subfervens,ASUHIC0080478_habitus_dorsal_1450755630,Zygaenoidea,Burnet moths,moths
Lactura subfervens,MEM312996_Lactura_subfervens_V_1539876956_lg,Zygaenoidea,Burnet moths,moths
Lactura subfervens,MEM49463_Lactura_subfervens_MT_1524074042_lg,Zygaenoidea,Burnet moths,moths
Lantanophaga pusillidactyla,10ANIC_03162%2B1287103228,Pterophoroidea,Plume moths,moths
Lerema accius,54f4422ee519024f254630abbed14875?size=fullsize,Papilionoidea,Papilionoid butterflies,butterflies
Lerema accius,61139ad1611d84fa7a56a5d8f1e88dd8?size=fullsize,Papilionoidea,Papilionoid butterflies,butterflies
Lerema accius,6575c23748390ecd0519cea93d6161bb,Papilionoidea,Papilionoid butterflies,butterflies
Lerema accius,753b58682e305cf636ac4d8f0c66002b,Papilionoidea,Papilionoid butterflies,butterflies
Lerema accius,d508a6fd3ae7565efa0f7b7b3cc91d6c?size=fullsize,Papilionoidea,Papilionoid butterflies,butterflies
Lerema accius,IMG_162619,Papilionoidea,Papilionoid butterflies,butterflies
Lerema accius,MEM375746_Lerema_accius_IWF_1545318504_lg,Papilionoidea,Papilionoid butterflies,butterflies
Lerema accius,ypm:15e5ae4b-32da-4f94-894e-ad1c4494704d,Papilionoidea,Papilionoid butterflies,butterflies
Lerema accius,ypm:7484b667-bc6c-4af1-a9a1-a4d39e72d441,Papilionoidea,Papilionoid butterflies,butterflies
Lerema accius,ypm:c963497c-e137-42bc-8981-6bbf3766778e,Papilionoidea,Papilionoid butterflies,butterflies
Lerema accius,ypm:cd1c37f0-1a00-4ac8-b6f5-dd1838eea31f,Papilionoidea,Papilionoid butterflies,butterflies
Leucoptera coffeella,CCDB30825-E02%2B1529933006,Yponomeutoidea,Ermine moths,moths
Lophocorona astipica,10ANIC_03421%2B1287071654,Lophocoronoidea,Australian archaic moths,moths
Luehdorfia chinensis,IMG_089411,Papilionoidea,Papilionoid butterflies,butterflies
Lymantria dispar,03acee65-e4b8-48c6-baef-70b4230db370,Noctuoidea,Owlet moths,moths
Lymantria dispar,0ACC7BDBD59CA0F16346AD4862319F97BDEE5FEDF34C5A7F48DF21E75A84223A,Noctuoidea,Owlet moths,moths
Lymantria dispar,17ecee3d-125d-41ee-8a81-8dcc145db10f,Noctuoidea,Owlet moths,moths
Lymantria dispar,3142a3ac-ba2c-43b5-9608-08d1783f7c10,Noctuoidea,Owlet moths,moths
Lymantria dispar,66f4914a-1d5c-48a4-8a72-851725d2be9e,Noctuoidea,Owlet moths,moths
Lymantria dispar,ADD3E4D7340EA25297CB95373241FBCB7707E140B2403E95B1543720017FA846,Noctuoidea,Owlet moths,moths
Lymantria dispar,d6a542c8-0a7b-4913-bc72-7437bc25602b,Noctuoidea,Owlet moths,moths
Lymantria dispar,d95e8cfb-5d15-4752-a28e-0ddabc4adc7c,Noctuoidea,Owlet moths,moths
Lymantria dispar,f3d9e294-281b-4bd4-a021-ef8f4cd20aa0,Noctuoidea,Owlet moths,moths
Lymantria dispar,Lymantria dispar_Preview001,Noctuoidea,Owlet moths,moths
Lyssa zampa,MCZ-ENT00733345_Lyssa_zampa_had,Geometroidea,Geometrid moths,moths
Lyssa zampa,RMNH.INS.1295753%2B1649969364,Geometroidea,Geometrid moths,moths
Macaria distribuaria,6ebf0553a56e4f297b0a632f226e9fb0?size=fullsize,Geometroidea,Geometrid moths,moths
Macaria distribuaria,f6abd1be30f59ad515d7201ac205872a?size=fullsize,Geometroidea,Geometrid moths,moths
Macaria distribuaria,IMG_019284,Geometroidea,Geometrid moths,moths
Macaria distribuaria,IMG_019290,Geometroidea,Geometrid moths,moths
Macrauzata submontana,BC_ZSM_Lep_45445%2B1317742140,Drepanoidea,Hook-tip moths,moths
Macroglossum pyrrhosticta,UHIM2013.08581_lg,Bombycoidea,Sphynx/Silk moths,moths
Macroglossum pyrrhosticta,UHIM2013.08582_lg,Bombycoidea,Sphynx/Silk moths,moths
Macroglossum pyrrhosticta,UHIM2013.08583_lg,Bombycoidea,Sphynx/Silk moths,moths
Macroglossum pyrrhosticta,UHIM2013.08584_lg,Bombycoidea,Sphynx/Silk moths,moths
Macrosoma sp,04-SRNP-2010-DHJ331720%2B1145363716,Papilionoidea,Papilionoid butterflies,butterflies
Macrosoma sp,04-SRNP-2010-DHJ331720%2B1145363716,Papilionoidea,Papilionoid butterflies,butterflies
Manduca sexta,7ad88f61ebf83cb57ab6caffed34b4ac?size=fullsize,Bombycoidea,Sphynx/Silk moths,moths
Manduca sexta,CSU_ENT0053086_1-3_1565654454_lg,Bombycoidea,Sphynx/Silk moths,moths
Manduca sexta,CSU_ENT0053088_1-5_1565806368_lg,Bombycoidea,Sphynx/Silk moths,moths
Manduca sexta,SDNHM122445,Bombycoidea,Sphynx/Silk moths,moths
Manduca sexta,SDNHM122479,Bombycoidea,Sphynx/Silk moths,moths
Manduca sexta,SDNHM122527,Bombycoidea,Sphynx/Silk moths,moths
Manduca sexta,SDNHM124489,Bombycoidea,Sphynx/Silk moths,moths
Manduca sexta,SDNHM124505,Bombycoidea,Sphynx/Silk moths,moths
Manduca sexta,SDNHM124509,Bombycoidea,Sphynx/Silk moths,moths
Manduca sexta,SDNHM220747,Bombycoidea,Sphynx/Silk moths,moths
Maniola jurtina,31456020951B0314F7DF8751643A35704F05322E588F16923D2C1112B76486D0,Papilionoidea,Papilionoid butterflies,butterflies
Maniola jurtina,3ba143b2-dc48-4f80-8a67-644015f47e68,Papilionoidea,Papilionoid butterflies,butterflies
Maniola jurtina,552bc2cf-e48b-4648-8153-f67a0255c621,Papilionoidea,Papilionoid butterflies,butterflies
Maniola jurtina,573623?rendering=original,Papilionoidea,Papilionoid butterflies,butterflies
Maniola jurtina,97882c9c-9617-4a5e-967e-33647a93653e,Papilionoidea,Papilionoid butterflies,butterflies
Maniola jurtina,A448FB195D9830CE742AA11F1F6BFAC9EE9D02E69F866A723A1D8A26F3703D18,Papilionoidea,Papilionoid butterflies,butterflies
Maniola jurtina,D0C5C049E0295E11B20B5F1C5EA92023AFD0FA186B0BE3398BAAC56FAA617398,Papilionoidea,Papilionoid butterflies,butterflies
Maniola jurtina,d19b7250-7e78-429d-8d14-15d7914ff29d,Papilionoidea,Papilionoid butterflies,butterflies
Manoba major,15142670092_b24776e7f4,Noctuoidea,Owlet moths,moths
Manoba major,15513366680_afa0911ee6,Noctuoidea,Owlet moths,moths
Manoba major,18396801440_e7626c7ca3,Noctuoidea,Owlet moths,moths
Manoba major,18396883050_59e20b0009,Noctuoidea,Owlet moths,moths
Manoba major,19260856023_2416a42cc2,Noctuoidea,Owlet moths,moths
Manoba major,20951133721_58244b8f3b,Noctuoidea,Owlet moths,moths
Manoba major,24095399190_cde43d2ece,Noctuoidea,Owlet moths,moths
Manoba major,27054654641_8da882302e,Noctuoidea,Owlet moths,moths
Manoba major,29268902460_9e90b60a94,Noctuoidea,Owlet moths,moths
Manoba major,30561289943_cce970221e,Noctuoidea,Owlet moths,moths
Manoba major,30961059136_9030b6ee40,Noctuoidea,Owlet moths,moths
Manoba major,47866074301_003574f6b8,Noctuoidea,Owlet moths,moths
Manoba major,Manoba major_18396883050_59e20b0009,Noctuoidea,Owlet moths,moths
Megalopyge crispata,6370eb66cd2f89169afb02f597b8601a?size=fullsize,Zygaenoidea,Burnet moths,moths
Megalopyge crispata,7a2299396ea7c552ab91fef395029626?size=fullsize,Zygaenoidea,Burnet moths,moths
Megalopyge crispata,88009f1fb9070d30405abb06ec9d6d2b?size=fullsize,Zygaenoidea,Burnet moths,moths
Megalopyge crispata,9318e7e9d9b1a986ae2344d339d79aca?size=fullsize,Zygaenoidea,Burnet moths,moths
Megalopyge crispata,955fec8626c9eae5476c0714fdcf8abc?size=fullsize,Zygaenoidea,Burnet moths,moths
Megalopyge crispata,ae5c25e88c04bdb593f9d3dad7b4441d?size=fullsize,Zygaenoidea,Burnet moths,moths
Megathymus yuccae,41704eee0e0b6928e76d08246686c51e?size=fullsize,Papilionoidea,Papilionoid butterflies,butterflies
Megathymus yuccae,b3ca9ffe89096c65f2293596b67a066c?size=fullsize,Papilionoidea,Papilionoid butterflies,butterflies
Megathymus yuccae,b7226a0b44b291f5dc5e9786b7bdae7a?size=fullsize,Papilionoidea,Papilionoid butterflies,butterflies
Megathymus yuccae,CSU_ENT1021734_1_43800_1488647254_lg,Papilionoidea,Papilionoid butterflies,butterflies
Megathymus yuccae,CSU_ENT1021792_1_44902_1488650074_lg,Papilionoidea,Papilionoid butterflies,butterflies
Megathymus yuccae,CSU_ENT1021891_1_45043_1489521771_lg,Papilionoidea,Papilionoid butterflies,butterflies
Megathymus yuccae,CSU_ENT1021908_1_45098_1490577999_lg,Papilionoidea,Papilionoid butterflies,butterflies
Megathymus yuccae,CSU_ENT1140293_1-3_ventral_1578695816_lg,Papilionoidea,Papilionoid butterflies,butterflies
Megathymus yuccae,CSU_ENT1140295_1-3_ventral_1578695389_lg,Papilionoidea,Papilionoid butterflies,butterflies
Melese sp,INB0004169775-BAES001348%2B1315857576,Noctuoidea,Owlet moths,moths
Melitaea cinxia,00241584-2bc2-4da8-88b3-8ff80abe7a90,Papilionoidea,Papilionoid butterflies,butterflies
Melitaea cinxia,15E5F099FF4503C4DF635E1AE307B9EDB2A5EA05AF95C1E3C7D6CD6306FD783A,Papilionoidea,Papilionoid butterflies,butterflies
Melitaea cinxia,2c9e6882-19aa-440b-bbec-2903039b095b,Papilionoidea,Papilionoid butterflies,butterflies
Melitaea cinxia,31CDB58C921C7453ADD036C94B31F61EAA6ACC27F005528EC3A96B3C01B82B2D,Papilionoidea,Papilionoid butterflies,butterflies
Melitaea cinxia,4c93c182-4770-498f-9e4b-65997dd4e7e4,Papilionoidea,Papilionoid butterflies,butterflies
Melitaea cinxia,645B72610495F212B329BE4EFCC23FDB8F0BBD878448222F1D57B186B4A7FB96,Papilionoidea,Papilionoid butterflies,butterflies
Melitaea cinxia,6E3B42EF19D9A291D043B51DACCBF0D889DAE323607F99672E69F6B1EFE64C07,Papilionoidea,Papilionoid butterflies,butterflies
Melitaea cinxia,7465230a-5264-42d8-9547-38db33b7c143,Papilionoidea,Papilionoid butterflies,butterflies
Melitaea cinxia,853ada5b-79ef-4e1b-b670-74a9d8c1a8ad,Papilionoidea,Papilionoid butterflies,butterflies
Melitaea cinxia,87d0fcc8-c94b-411a-a15b-63b21123f276,Papilionoidea,Papilionoid butterflies,butterflies
Melitaea cinxia,9fb8d0d5-dd91-4850-96ea-b45b5e3a07d3,Papilionoidea,Papilionoid butterflies,butterflies
Melitaea cinxia,a8f25c0f-59fb-45e7-b231-4d9adbbe8f3f,Papilionoidea,Papilionoid butterflies,butterflies
Melitaea cinxia,c77e6c4f-1314-4a3b-96de-63af6b0293ce,Papilionoidea,Papilionoid butterflies,butterflies
Melitaea cinxia,C9B881568D1CBC2DF397747542209AAD463B7AE9AC4836C18BBAF3D5976F8EFC,Papilionoidea,Papilionoid butterflies,butterflies
Melitaea cinxia,CE5F4AD94CF86C0893A9EE8800252CF4F65EB159E2E7F9891E1FCC2ED1292674,Papilionoidea,Papilionoid butterflies,butterflies
Melitaea cinxia,d29fa045-8214-4193-aad1-994e72edbb23,Papilionoidea,Papilionoid butterflies,butterflies
Menevia lantona,Bc-Her_%5B4889%5D%2B1430510716,Mimallonoidea,Sack-bearer moths,moths
Metaphatus ochraceus,USNMENT00657506%2B1297458164,Palaephatoidea,Gondwanaland moths,moths
Micropterix calthella,183099,Micropterigoidea,Mandibulate archaic moths,moths
Micropterix calthella,BF2DC2826267C37408B731B76A4686AB1D0F4F5FA362B5E9D39A03132AC78D6F,Micropterigoidea,Mandibulate archaic moths,moths
Micropterix calthella,MCZ-ENT00754650_Micropterix_calthella_had,Micropterigoidea,Mandibulate archaic moths,moths
Micropterix calthella,MCZ-ENT00754652_Micropterix_calthella_had,Micropterigoidea,Mandibulate archaic moths,moths
Micropterix calthella,MCZ-ENT00754654_Micropterix_calthella_had,Micropterigoidea,Mandibulate archaic moths,moths
Morpheis pyracmon,425612_1654290708_lg,Cossoidea,Carpenter moths,moths
Morpheis pyracmon,IMG_019254,Cossoidea,Carpenter moths,moths
Morpheis pyracmon,IMG_019257,Cossoidea,Carpenter moths,moths
Morpheis pyracmon,IMG_019258,Cossoidea,Carpenter moths,moths
Morpheis pyracmon,IMG_019259,Cossoidea,Carpenter moths,moths
Morpheis pyracmon,IMG_019263,Cossoidea,Carpenter moths,moths
Morpheis pyracmon,IMG_019264,Cossoidea,Carpenter moths,moths
Morpheis pyracmon,IMG_019265,Cossoidea,Carpenter moths,moths
Mustilizans dierli,10317%2B1326140388,Bombycoidea,Sphynx/Silk moths,moths
Mycastor nealces,35182-D_PMax_cut%2B1583999709,Papilionoidea,Papilionoid butterflies,butterflies
Mycastor nealces,35214-D_PMax_cut%2B1583742825,Papilionoidea,Papilionoid butterflies,butterflies
Myelobia sp,09-SRNP-109775-DHJ643010%2B1364926916,Pyraloidea,Snout moths,moths
Mythimna separata,1039128015_e4c386583e_q,Noctuoidea,Owlet moths,moths
Mythimna separata,11977632434_b6de6b3038_q,Noctuoidea,Owlet moths,moths
Mythimna separata,22313146254_905068c416,Noctuoidea,Owlet moths,moths
Mythimna separata,23870431997_9737f07a7f,Noctuoidea,Owlet moths,moths
Mythimna separata,25773202427_ca03816bd6,Noctuoidea,Owlet moths,moths
Mythimna separata,38713989771_f4224008ba,Noctuoidea,Owlet moths,moths
Mythimna separata,38857629532_8fee80ab10,Noctuoidea,Owlet moths,moths
Mythimna separata,46007559731_28280c4418,Noctuoidea,Owlet moths,moths
Mythimna separata,Mythimna separata_Preview001,Noctuoidea,Owlet moths,moths
Nectopsyche candida,bioug02799-f06%2B1345555494,Trichoptera,Caddisflies caddisflies,caddisflies
Nemophora degeerella,00B7E38340A316B0C1EB87138BCEEE036DA572BAD3EFC916DF76199A3A9C0D06,Adeloidea,Primitive monotrysian moths,moths
Nemophora degeerella,28C210541936C074A7E01E3AD58866ACEC0843CEDEC9416AF2F5CEDD3805AA06,Adeloidea,Primitive monotrysian moths,moths
Nemophora degeerella,3238DB58611F5022B2C9202EEE13B86BCC3EBA942CA0087EE68DF529D0F6B432,Adeloidea,Primitive monotrysian moths,moths
Nemophora degeerella,59E3EB8A87625DC6F2D8D859EFCF879418D2F44C71B4DB1DC705BF336AA61566,Adeloidea,Primitive monotrysian moths,moths
Nemophora degeerella,6466380576F200C4F30EE9B6569C6A929311F30CB2C1F426930C462B29C20AC5,Adeloidea,Primitive monotrysian moths,moths
Nemophora degeerella,6909A93C46D69959EC15212C3F2EFA4181CE15BACE2F2EA7995A9E9413689524,Adeloidea,Primitive monotrysian moths,moths
Nemophora degeerella,80CAA3086D538C2B0E3C4D6C69D23ABA8D9263662DF8BDE77810FF7D5E12439F,Adeloidea,Primitive monotrysian moths,moths
Nemophora degeerella,88643D6526EA8683C284159E0A062762B85B755006B1AAE53366E835257BA7EE,Adeloidea,Primitive monotrysian moths,moths
Nemophora degeerella,C7B31489A16F06B579D5D45EBEBE93A5690E515980F5B6516004DA32D3649862,Adeloidea,Primitive monotrysian moths,moths
Nemophora degeerella,MCZ-ENT00754677_Nemophora_degeerella_had2,Adeloidea,Primitive monotrysian moths,moths
Nemophora degeerella,MCZ-ENT00754679_Nemophora_degeerella_had,Adeloidea,Primitive monotrysian moths,moths
Nemoria lixaria,CSU_ENT1098114_1-3_1564402389,Geometroidea,Geometrid moths,moths
Nemoria lixaria,CSU_ENT1098121_1-3_1564401987,Geometroidea,Geometrid moths,moths
Nemoria lixaria,CSU_ENT1098122_1-3_1564401899,Geometroidea,Geometrid moths,moths
Nemoria lixaria,IMG_018679,Geometroidea,Geometrid moths,moths
Nemoria lixaria,IMG_018685,Geometroidea,Geometrid moths,moths
Nemoria lixaria,IMG_018690,Geometroidea,Geometrid moths,moths
Neopseustis meyricki,18586552691_ff033671b6,Neopseustoidea,Archaic bell moths,moths
Neopseustis meyricki,31981929438_a8f6a9d47a,Neopseustoidea,Archaic bell moths,moths
Neopseustis meyricki,34586375043_40592418c5,Neopseustoidea,Archaic bell moths,moths
Neopseustis meyricki,47408897361_27fed42355,Neopseustoidea,Archaic bell moths,moths
Nothus lunus,KLM_Lep_04931%2B1450701240,NA,NA,NA
Notoplusia minuta,11-SRNP-100191_DHJ660861%2B1309185562,Noctuoidea,Owlet moths,moths
Operophtera brumata,001FE051A037367D9317121CD75AD958605A968812F4D791E7AC11800052DEBC,Geometroidea,Geometrid moths,moths
Operophtera brumata,1cc03b64-ed52-4ebf-b0f3-ff292a4e15f3,Geometroidea,Geometrid moths,moths
Operophtera brumata,1cf587ec-6121-4d01-a8df-301d3be23c21,Geometroidea,Geometrid moths,moths
Operophtera brumata,3ad316e6-06f6-4ca1-8658-9294af3a9d55,Geometroidea,Geometrid moths,moths
Operophtera brumata,8aaa3dd7-2897-46c3-a635-e168886be5ea,Geometroidea,Geometrid moths,moths
Operophtera brumata,99f484a9-dee0-4ca4-bff4-c7bcd7a34046,Geometroidea,Geometrid moths,moths
Operophtera brumata,a55c79ea-af9f-47e0-a1d4-479032db9f34,Geometroidea,Geometrid moths,moths
Operophtera brumata,ab7bf37b-4468-482b-adcf-29aa6f14b624,Geometroidea,Geometrid moths,moths
Operophtera brumata,c580c9cd-db04-43b1-b446-d318e4da844a,Geometroidea,Geometrid moths,moths
Operophtera brumata,dbd05481-7b52-4e33-bb02-628c6eb734b6,Geometroidea,Geometrid moths,moths
Operophtera brumata,dc1beaf9-b703-4f87-9bc3-6446f4212ca6,Geometroidea,Geometrid moths,moths
Operophtera brumata,FB266E4BA1C35ACF9943A6F62DF0A1D30D624C0294D55B23F7923AB0A73E5361,Geometroidea,Geometrid moths,moths
Palaeagapetus nearcticus,BIOUG20914-C07%2B1435237216,Trichoptera,Caddisflies caddisflies,caddisflies
Palaephatus luteolus,USNMENT00657540%2B1297458172,Palaephatoidea,Gondwanaland moths,moths
Palaephatus nielseni,USNMENT00656527%2B1296840078,Palaephatoidea,Gondwanaland moths,moths
Papilio glaucus,573108?rendering=original,Papilionoidea,Papilionoid butterflies,butterflies
Papilio glaucus,IMG_089843,Papilionoidea,Papilionoid butterflies,butterflies
Papilio glaucus,IMG_089849,Papilionoidea,Papilionoid butterflies,butterflies
Papilio glaucus,IMG_089884,Papilionoidea,Papilionoid butterflies,butterflies
Papilio glaucus,IMG_130371,Papilionoidea,Papilionoid butterflies,butterflies
Papilio glaucus,MSUC_ARC_84836_1485545880_lg,Papilionoidea,Papilionoid butterflies,butterflies
Papilio machaon,050cc270e6f1670fdb2d884d0e04befe?size=fullsize,Papilionoidea,Papilionoid butterflies,butterflies
Papilio machaon,2ffada24-c8c3-426f-88da-3b89fb52d30e,Papilionoidea,Papilionoid butterflies,butterflies
Papilio machaon,47f49b00-99ae-4dae-ac2a-f7a22bc23694,Papilionoidea,Papilionoid butterflies,butterflies
Papilio machaon,573085?rendering=original,Papilionoidea,Papilionoid butterflies,butterflies
Papilio machaon,c227bc3a-1c4b-40d6-8d31-1cb604e3d405,Papilionoidea,Papilionoid butterflies,butterflies
Papilio machaon,GV.82930_IMG_0002_spec,Papilionoidea,Papilionoid butterflies,butterflies
Papilio machaon,IMG_091662,Papilionoidea,Papilionoid butterflies,butterflies
Pararge aegeria,1abbc400-0950-4af2-ae50-89e9389bff34,Papilionoidea,Papilionoid butterflies,butterflies
Pararge aegeria,3f5612a4-7a08-4e0b-8711-4b63afe8e312,Papilionoidea,Papilionoid butterflies,butterflies
Pararge aegeria,6800bcea-5ef9-461b-9afa-f4c9a3eceeb0,Papilionoidea,Papilionoid butterflies,butterflies
Pararge aegeria,7683dcac-9a77-4e00-8da6-a8b00ad27822,Papilionoidea,Papilionoid butterflies,butterflies
Pararge aegeria,7aebb63f-a8ce-438c-804a-eaecef0f50c0,Papilionoidea,Papilionoid butterflies,butterflies
Pararge aegeria,7b035d0f-a6fa-42d7-8c73-309dc0fbf83b,Papilionoidea,Papilionoid butterflies,butterflies
Pararge aegeria,945fbd70-f25b-4ad4-bf97-fdc8862a9d16,Papilionoidea,Papilionoid butterflies,butterflies
Pararge aegeria,99c7999a-3f02-43eb-8443-ac61d5b2bad9,Papilionoidea,Papilionoid butterflies,butterflies
Pararge aegeria,a520ac76-ec9f-4881-8f22-109ce1cc2e62,Papilionoidea,Papilionoid butterflies,butterflies
Pararge aegeria,e28f1e7e-13bc-45c7-b0e9-99b9b9b641f5,Papilionoidea,Papilionoid butterflies,butterflies
Parasemia plantaginis,BC_ZSM_Lep_40442%2B1279779286,NA,NA,NA
Parides eurimedes,IMG_129925,Papilionoidea,Papilionoid butterflies,butterflies
Parides eurimedes,IMG_129952,Papilionoidea,Papilionoid butterflies,butterflies
Parides eurimedes,IMG_129962,Papilionoidea,Papilionoid butterflies,butterflies
Parides eurimedes,IMG_130436,Papilionoidea,Papilionoid butterflies,butterflies
Parum colligata,14794012433_df04c977e7,Bombycoidea,Sphynx/Silk moths,moths
Parum colligata,16209816131_9d044239ac,Bombycoidea,Sphynx/Silk moths,moths
Parum colligata,21049188638_9fbb595eb1,Bombycoidea,Sphynx/Silk moths,moths
Parum colligata,21052389346_1c5243e689,Bombycoidea,Sphynx/Silk moths,moths
Parum colligata,21052389896_ccf15af575,Bombycoidea,Sphynx/Silk moths,moths
Parum colligata,21245295581_1bd77dc703,Bombycoidea,Sphynx/Silk moths,moths
Parum colligata,43957521930_c8047e3dde,Bombycoidea,Sphynx/Silk moths,moths
Phaecasiophora niveiguttana,MEM95982_Phaecasiophora_niveig_1524168418_lg,Tortricoidea,Tortrix moths,moths
Pheosia gnoma,C593D37ACCCDCB605F89D0E2579394EAB6315573D008053F1E5C7158210398DE,Noctuoidea,Owlet moths,moths
Pheosia gnoma,Pheosia gnoma_Preview001,Noctuoidea,Owlet moths,moths
Philopotamus NA,Philopotamus_montanus_male,Trichoptera,Caddisflies caddisflies,caddisflies
Phoebis sennae,CSU_ENT1174211_1-3_1637255632_lg,Papilionoidea,Papilionoid butterflies,butterflies
Phoebis sennae,SDNHM167630,Papilionoidea,Papilionoid butterflies,butterflies
Phoebis sennae,SDNHM167667,Papilionoidea,Papilionoid butterflies,butterflies
Phoebis sennae,SDNHM172109,Papilionoidea,Papilionoid butterflies,butterflies
Phoebis sennae,SDNHM172146,Papilionoidea,Papilionoid butterflies,butterflies
Phoebis sennae,SDNHM172176,Papilionoidea,Papilionoid butterflies,butterflies
Phoebis sennae,SDNHM172319,Papilionoidea,Papilionoid butterflies,butterflies
Phoebis sennae,SDNHM175444,Papilionoidea,Papilionoid butterflies,butterflies
Phragmatobia fuliginosa,a26dca81-7525-4b76-b875-fc166096f422,Noctuoidea,Owlet moths,moths
Phragmatobia fuliginosa,a3876136-650c-42ed-bd98-661bfb7f2910,Noctuoidea,Owlet moths,moths
Phragmatobia fuliginosa,B30976E0D97299F9EE59287BEFC7DA4FF5D70B378519C51894BAE73170973D8F,Noctuoidea,Owlet moths,moths
Phragmatobia fuliginosa,d9177030-a737-43ad-99cf-6e2abe335917,Noctuoidea,Owlet moths,moths
Phragmatobia fuliginosa,Phragmatobia fuliginosa_Preview001,Noctuoidea,Owlet moths,moths
Phyllocnistis citrella,94d82c05-bbc2-4060-b338-e406231ac178,Gracillarioidea,Cocoon-maker/leaf blotch miner moths,moths
Phyllocnistis citrella,RMNH.5013749_Phyllocnistis_citrella_CD16001_CDGP0265%2B1476813014,Gracillarioidea,Cocoon-maker/leaf blotch miner moths,moths
Phyllodes eyndhovii,20319102758_2d1cfe6bb5,Noctuoidea,Owlet moths,moths
Phyllodes eyndhovii,29250902957_a676c74465,Noctuoidea,Owlet moths,moths
Phyllodes eyndhovii,35330936504_3f73249bec,Noctuoidea,Owlet moths,moths
Phyllodes eyndhovii,36036101841_1aa17d6ceb,Noctuoidea,Owlet moths,moths
Phyllodes eyndhovii,36036102381_6a90f5a042,Noctuoidea,Owlet moths,moths
Phyllodes eyndhovii,38048279556_32e07f0614,Noctuoidea,Owlet moths,moths
Phymatopus californicus,SDNHM121602,Hepialoidea,Ghost moths,moths
Plectrocnemia sp,MS1501.1%2B1328649174,Trichoptera,Caddisflies caddisflies,caddisflies
Plodia interpunctella,2417ceb7-868b-4e64-9f3c-cab5728dc195,Pyraloidea,Snout moths,moths
Plodia interpunctella,7522ed9f-c262-4486-aeb6-37b71f10ba19,Pyraloidea,Snout moths,moths
Plodia interpunctella,cb71711a-8947-4597-b90e-2e5a6f3e9f0f,Pyraloidea,Snout moths,moths
Plutella xylostella,3143F2B0BCE951BACC0BEA31778A0F2FC9EEFA133BF46D2FC86483E4AAC51490,Yponomeutoidea,Ermine moths,moths
Plutella xylostella,32004095457_30d4864fa5,Yponomeutoidea,Ermine moths,moths
Plutella xylostella,35A2234DA2BFC223DBDC83B1C335168885BE942D4138FA29ADB1192AFF26380A,Yponomeutoidea,Ermine moths,moths
Plutella xylostella,44922285021_f4b09ba6ba,Yponomeutoidea,Ermine moths,moths
Plutella xylostella,46031124295_582300a1dc,Yponomeutoidea,Ermine moths,moths
Plutella xylostella,A5D03B2BFEFD5DA721EBECE05A80CFBE4C90DFAE0F0402921DCBA27882F42A89,Yponomeutoidea,Ermine moths,moths
Podosesia syringae,MEM51314_Podesesia_syringae_VC_1551453158_lg,Sesioidea,Clearwing moths,moths
Polygonia c-album,MM23799%2B1400505268,Papilionoidea,Papilionoid butterflies,butterflies
Polygonia c-album,swc5028%2B1250092686,Papilionoidea,Papilionoid butterflies,butterflies
Polygonia c-album,CCDB-24274-D11%2B1419350510,Papilionoidea,Papilionoid butterflies,butterflies
Polygonia c-album,14-O191_JPG-_ups%2B1431607676,Papilionoidea,Papilionoid butterflies,butterflies
Polygonia c-album,BIOUG15631-D05%2B1418241248,Papilionoidea,Papilionoid butterflies,butterflies
Polygonia c-album,CCDB-30814-E09%2B1501258790,Papilionoidea,Papilionoid butterflies,butterflies
Polyommatus icarus,1BA2821B96BE50ECE4EED208514FE95AD9630E89DBD5DEE25F1ACC06A2443103,Papilionoidea,Papilionoid butterflies,butterflies
Polyommatus icarus,3CA7E7C954F7BC0C0D0171BB3A168B028E80B218087A263C6487161C2CC50602,Papilionoidea,Papilionoid butterflies,butterflies
Polyommatus icarus,4183180b-2f99-4815-ab85-fbd94581c4f9,Papilionoidea,Papilionoid butterflies,butterflies
Polyommatus icarus,6d56d3b4-ef9f-420d-9614-3b9823e1130d,Papilionoidea,Papilionoid butterflies,butterflies
Polyommatus icarus,7B09A7613C8A2DD28CD7F1DF420EF9B02857413429346E7134EB2E2B87D7AF1E,Papilionoidea,Papilionoid butterflies,butterflies
Prionoxystus robiniae,606dbb1b151dd4ff44ee4a216af16949?size=fullsize,Cossoidea,Carpenter moths,moths
Prionoxystus robiniae,6507286fa96e7c60bf52522b36a87faa,Cossoidea,Carpenter moths,moths
Prionoxystus robiniae,816f5baa68cc1b7255e7a2c96767ca6d?size=fullsize,Cossoidea,Carpenter moths,moths
Prionoxystus robiniae,IMG_019269,Cossoidea,Carpenter moths,moths
Prionoxystus robiniae,IMG_019272,Cossoidea,Carpenter moths,moths
Prionoxystus robiniae,UDCC_TCN_00062132_1488918617_lg,Cossoidea,Carpenter moths,moths
Pseudopostega cf.quadristrigella,AC006114+1423779497,Nepticuloidea,Pygmy leafminer moths,moths
Pseudopostega cf.quadristrigella,CCDB-30455-D09+1542661920,Nepticuloidea,Pygmy leafminer moths,moths
Pseudopostega cf.quadristrigella,CCDB-30455-D10+1542662040,Nepticuloidea,Pygmy leafminer moths,moths
Pseudothyatira cymatophoroides,ASUHIC0094506_habitus_dorsal_1576621497_lg,Drepanoidea,Hook-tip moths,moths
Pseudothyatira cymatophoroides,CSU_ENT1102378_1-3_1555196582_lg,Drepanoidea,Hook-tip moths,moths
Pseudothyatira cymatophoroides,CSU_ENT1102382_1-3_1555196682_lg,Drepanoidea,Hook-tip moths,moths
Pseudothyatira cymatophoroides,CSU_ENT1150052_1-2_1601558941_lg,Drepanoidea,Hook-tip moths,moths
Pseudothyris sepulchralis,UDCC_TCN_00115954_1514924023,Thyridoidea,Picture-winged leaf moths,moths
Pseudothyris sepulchralis,UDCC_TCN_00115959_1514924095,Thyridoidea,Picture-winged leaf moths,moths
Pseudothyris sepulchralis,UDCC_TCN_00115962_1514924272,Thyridoidea,Picture-winged leaf moths,moths
Pseudothyris sepulchralis,VTEC000008893_1659990390_lg,Thyridoidea,Picture-winged leaf moths,moths
Pseudothyris sepulchralis,VTEC000008899_1659991396_lg,Thyridoidea,Picture-winged leaf moths,moths
Psilocorsis reflexella,m3a42e6895-7f44-4e59-8035-f940dda5275c,Gelechioidea,Curved-horn moths,moths
Psilocorsis reflexella,MCZ-ENT00733105_Psilocorsis_reflexella_had,Gelechioidea,Curved-horn moths,moths
Psilocorsis reflexella,MCZ-ENT00733107_Psilocorsis_reflexella_had,Gelechioidea,Curved-horn moths,moths
Psilocorsis reflexella,MCZ-ENT00733108_Psilocorsis_reflexella_had,Gelechioidea,Curved-horn moths,moths
Psilocorsis reflexella,MCZ-ENT00733110_Psilocorsis_reflexella_had,Gelechioidea,Curved-horn moths,moths
Psilocorsis reflexella,MEM47518_Psilocorsis_reflexell_1518451170_lg,Gelechioidea,Curved-horn moths,moths
Psychonoctua personalis,A125c%2B1626914048,Cossoidea,Carpenter moths,moths
Pterodecta felderi,GL.9151_Pterodecta_felderi,Calliduloidea,Old World butterfly moths,moths
Pterodecta felderi,IMG_013101,Calliduloidea,Old World butterfly moths,moths
Pterodecta felderi,IMG_013102,Calliduloidea,Old World butterfly moths,moths
Pterodecta felderi,IMG_013103,Calliduloidea,Old World butterfly moths,moths
Pterodecta felderi,IMG_013105,Calliduloidea,Old World butterfly moths,moths
Pterodecta felderi,IMG_013111,Calliduloidea,Old World butterfly moths,moths
Pterophorus pentadactyla,1048ab2d-b1ef-492c-b7d6-4dbf57b3b3bb_image,Pterophoroidea,Plume moths,moths
Pterophorus pentadactyla,2DA81F8EA9113FD105F10F25CDB4337BAA3FB92C7ADC72EA316845317BED9352,Pterophoroidea,Plume moths,moths
Pterophorus pentadactyla,A6D19C593B4F87285358789E399FE1C5FC1EE90AF07FA2D3007A9E5F6482C23B,Pterophoroidea,Plume moths,moths
Pterophorus pentadactyla,AE7AD3758AA611792DF9136BE12E6255ACDAF30ED231976A4EE40D0AE4335833,Pterophoroidea,Plume moths,moths
Pterophorus pentadactyla,MCZ-ENT00733150_Pterophorus_pentadactyla_had,Pterophoroidea,Plume moths,moths
Pterophorus pentadactyla,MCZ-ENT00733153_Pterophorus_pentadactyla_had,Pterophoroidea,Plume moths,moths
Pterophorus pentadactyla,MCZ-ENT00733155_Pterophorus_pentadactyla_had,Pterophoroidea,Plume moths,moths
Ptilostomis semifasciata,aa91e7ec-d8a4-437e-ba34-b93941865592,Trichoptera,Caddisflies caddisflies,caddisflies
Ptyssoptera sp,10ANIC_02669%2B1287018672,Palaephatoidea,Gondwanaland moths,moths
Saturnia pyri,4C0A1DE2C10B7B1DA7EF1B6E3E2CB8038B06D7E17DBB366923E7740FD307DE11,Bombycoidea,Sphynx/Silk moths,moths
Saturnia pyri,5540F8345DB3058C734B3DDA91B22F283037FB58A12FF7EED947E636B95291FF,Bombycoidea,Sphynx/Silk moths,moths
Saturnia pyri,816CBE9B4C8D2F523325DC185BE01A80BF335D641D2BF8E66169D564F7F4705D,Bombycoidea,Sphynx/Silk moths,moths
Saturnia pyri,82E2F9536C88EA39E117FFC9A82613DAD48240E62D2355D72B66D29573450AE1,Bombycoidea,Sphynx/Silk moths,moths
Saturnia pyri,IMG_019170,Bombycoidea,Sphynx/Silk moths,moths
Saturnia pyri,IMG_019173,Bombycoidea,Sphynx/Silk moths,moths
Saturnia pyri,IMG_019181,Bombycoidea,Sphynx/Silk moths,moths
Saturnia pyri,ypm:aeea4b7d-6526-48c5-a8dc-17319a13662e,Bombycoidea,Sphynx/Silk moths,moths
Semomesia capanea,4a30d7dd-3410-4104-99ee-b77ae2961f17,Papilionoidea,Papilionoid butterflies,butterflies
Semomesia capanea,95228_Papilio_copanae_HT_d_IN,Papilionoidea,Papilionoid butterflies,butterflies
Semomesia capanea,ypm:80c40005-9232-4a76-9080-2d1ddba4aaaa,Papilionoidea,Papilionoid butterflies,butterflies
Semomesia capanea,ypm:a95f8345-1ec4-450d-9d96-b4ef7189cbe4,Papilionoidea,Papilionoid butterflies,butterflies
Sesamia inferens,16151219910_e1b48794b0,Noctuoidea,Owlet moths,moths
Sesamia inferens,16330465267_a4c687649d,Noctuoidea,Owlet moths,moths
Sesamia inferens,16912164342_a0baeb9579,Noctuoidea,Owlet moths,moths
Sesamia inferens,30025428957_a26c757ded,Noctuoidea,Owlet moths,moths
Sesamia inferens,43110588540_061972e078,Noctuoidea,Owlet moths,moths
Sesamia inferens,43110589140_75c5922820,Noctuoidea,Owlet moths,moths
Sesamia inferens,44202616894_5811ecfc3c,Noctuoidea,Owlet moths,moths
Sesamia inferens,44202617274_d070c0a385,Noctuoidea,Owlet moths,moths
Sesamia inferens,46220516874_4804c3a042,Noctuoidea,Owlet moths,moths
Sesamia inferens,46945142751_3a10c4fda5,Noctuoidea,Owlet moths,moths
Smerinthus saliceti,ASUHIC0097643_habitus_dorsal_1506005072_lg,Bombycoidea,Sphynx/Silk moths,moths
Smerinthus saliceti,CSU_ENT0055451_1-3_1568218614_lg,Bombycoidea,Sphynx/Silk moths,moths
Smerinthus saliceti,CSU_ENT0055452_1-3_1568218574_lg,Bombycoidea,Sphynx/Silk moths,moths
Smerinthus saliceti,CSU_ENT1174213_1-2_1637255677_lg,Bombycoidea,Sphynx/Silk moths,moths
Sphinx pinastri,1ba5df9d-266a-49c7-8c92-a310f499c830,Bombycoidea,Sphynx/Silk moths,moths
Sphinx pinastri,25d5c2c8-cbaf-43e4-b81f-6fa73529c1c6,Bombycoidea,Sphynx/Silk moths,moths
Sphinx pinastri,a4ac9d07-501b-4ea4-b3b6-8768e1cd0a2f,Bombycoidea,Sphynx/Silk moths,moths
Sphinx pinastri,AC320FFC6432D4012CE1510B2B0DB954740AD3FD89C78829515A3E55B961BCC8,Bombycoidea,Sphynx/Silk moths,moths
Sphinx pinastri,bfc1aa1e-21e5-4260-8e14-9cda8d99255f,Bombycoidea,Sphynx/Silk moths,moths
Sphinx pinastri,Sphinx pinastri_Preview001,Bombycoidea,Sphynx/Silk moths,moths
Spilomela sp,06-SRNP-106787_DHJ606787%2B1201561020,Pyraloidea,Snout moths,moths
Spinulata maruga,CCDB-29468-B12%2B1507830074,Cossoidea,Carpenter moths,moths
Spodoptera exigua,4500b568-8672-4c21-8dab-83f5f9a938fd,Noctuoidea,Owlet moths,moths
Spodoptera exigua,470d1d21-0328-4161-a7b7-5654a2267deb,Noctuoidea,Owlet moths,moths
Spodoptera exigua,CSU_ENT1130665_1-3_1571334919_lg,Noctuoidea,Owlet moths,moths
Spodoptera exigua,SDNHM179642,Noctuoidea,Owlet moths,moths
Spodoptera exigua,SDNHM182547,Noctuoidea,Owlet moths,moths
Spodoptera exigua,SDNHM184521,Noctuoidea,Owlet moths,moths
Spodoptera frugiperda,2c11277cdaa3396df7ab34695ab12cdd,Noctuoidea,Owlet moths,moths
Spodoptera frugiperda,IMG_011957,Noctuoidea,Owlet moths,moths
Spodoptera frugiperda,SDNHM186124,Noctuoidea,Owlet moths,moths
Spodoptera frugiperda,SDNHM186132_firstlabel,Noctuoidea,Owlet moths,moths
Spodoptera frugiperda,SDNHM186136_secondlabel,Noctuoidea,Owlet moths,moths
Spodoptera frugiperda,SDNHM186142_firstlabel,Noctuoidea,Owlet moths,moths
Spodoptera frugiperda,SDNHM186146,Noctuoidea,Owlet moths,moths
Spodoptera frugiperda,SDNHM186165,Noctuoidea,Owlet moths,moths
Spodoptera frugiperda,SDNHM186166,Noctuoidea,Owlet moths,moths
Spodoptera frugiperda,SDNHM186167,Noctuoidea,Owlet moths,moths
Stenopsychodes sp,344750-small,Trichoptera,Caddisflies caddisflies,caddisflies
Stigmella atricapitella,BC_ZSM_Lep_85139%2B1435764658,Nepticuloidea,Pygmy leafminer moths,moths
Stigmella atricapitella,BC_ZSM_Lep_89466%2B1442844464,Nepticuloidea,Pygmy leafminer moths,moths
Striacosta albicosta,BIOUG02040-B01+1331840530,Noctuoidea,Owlet moths,moths
Striacosta albicosta,BIOUG20646-A03+1435949362,Noctuoidea,Owlet moths,moths
Striacosta albicosta,IMG_1636+1290023874,Noctuoidea,Owlet moths,moths
Striglina suzukii,24023200629_6e316f89af,Thyridoidea,Picture-winged leaf moths,moths
Striglina suzukii,33795746598_7c07218f0f,Thyridoidea,Picture-winged leaf moths,moths
Striglina suzukii,46855960351_cb725be791,Thyridoidea,Picture-winged leaf moths,moths
Synemon plana,11ANIC_14923%2B1304375428,Sesioidea,Clearwing moths,moths
Synemon plana,11ANIC_14925%2B1304375452,Sesioidea,Clearwing moths,moths
Synemon plana,11ANIC_14926%2B1303098944,Sesioidea,Clearwing moths,moths
Synemon plana,IMG_093683,Sesioidea,Clearwing moths,moths
Tegeticula yuccasella,ASUHIC0010027_habitus_dorsal_1528389461_lg,Adeloidea,Primitive monotrysian moths,moths
Tegeticula yuccasella,MCZ-ENT00733133_Tetigula_yuccasella_hav,Adeloidea,Primitive monotrysian moths,moths
Tegeticula yuccasella,MEM24474_Tegeticula_intermedia_1510341837_lg,Adeloidea,Primitive monotrysian moths,moths
Telchin licus,IMG_018868,Sesioidea,Clearwing moths,moths
Telchin licus,IMG_018873,Sesioidea,Clearwing moths,moths
Telchin licus,Telchin_licus_A_label,Sesioidea,Clearwing moths,moths
Telchin licus,Telchin_licus_C_dorsal_habitus_2_cmz,Sesioidea,Clearwing moths,moths
Telchin licus,Telchin_licus_E_ventral_habitus_2_cmz,Sesioidea,Clearwing moths,moths
Telchin licus,Telchin_licus_F_dorsal_habitus_2_cmz,Sesioidea,Clearwing moths,moths
Telchin licus,Telchin_licus_G_labels,Sesioidea,Clearwing moths,moths
Telchin licus,Telchin_licus_J_ventral_1_cmz,Sesioidea,Clearwing moths,moths
Telchin licus,Telchin_licus_M_dorsal_1_cmz,Sesioidea,Clearwing moths,moths
Telchin licus,ypm:74adb307-db40-4fbb-918c-66fd17fe264d,Sesioidea,Clearwing moths,moths
Thyatira batis,12a64fcb-aee5-4338-a7b5-1df56db4127f,Drepanoidea,Hook-tip moths,moths
Thyatira batis,1eb0c9e2-bc3e-4636-96b7-98a852284ef1,Drepanoidea,Hook-tip moths,moths
Thyatira batis,35266523931_acf0e41d87,Drepanoidea,Hook-tip moths,moths
Thyatira batis,40620943912_3071269f70,Drepanoidea,Hook-tip moths,moths
Thyatira batis,7e1d1d84-2ea4-4b56-8cb5-fafb8366de3e,Drepanoidea,Hook-tip moths,moths
Thyatira batis,9edcf031-dddf-4b2d-9cb4-535ab2856c7d,Drepanoidea,Hook-tip moths,moths
Thyatira batis,d43a41c5-0d31-4a34-adf9-bbaeec47010c,Drepanoidea,Hook-tip moths,moths
Thyatira batis,e3dd4451-1436-4eec-b0a7-ecfd3f81631c,Drepanoidea,Hook-tip moths,moths
Thymelicus sylvestris,002-02-Thymelicus_sylvestris_(211a),Papilionoidea,Papilionoid butterflies,butterflies
Thymelicus sylvestris,589a29f3-b40c-4684-8536-b4946b2aeec7,Papilionoidea,Papilionoid butterflies,butterflies
Thymelicus sylvestris,7BC77B9644BB9AEE463544C1A016C284E56528BD76C1F6190C9212ABA498694E,Papilionoidea,Papilionoid butterflies,butterflies
Thymelicus sylvestris,9b74cc6b-a566-41c4-b801-116b88b4b528,Papilionoidea,Papilionoid butterflies,butterflies
Thymelicus sylvestris,a7ac1339-d1ed-4a85-a8c0-0ec528378317,Papilionoidea,Papilionoid butterflies,butterflies
Thymelicus sylvestris,c6f84a64-2519-4607-a593-a71c8912b6d9,Papilionoidea,Papilionoid butterflies,butterflies
Thymelicus sylvestris,da745944-6239-45b1-b775-048382f1713f,Papilionoidea,Papilionoid butterflies,butterflies
Thymelicus sylvestris,e506522c-f99e-460e-8d3e-e143529e7415,Papilionoidea,Papilionoid butterflies,butterflies
Thyridopteryx ephemeraeformis,MCZ-ENT00733174_Thyridopteryx_ephemeraeformis_had,Tineoidea,Clothes moths,moths
Thyridopteryx ephemeraeformis,MCZ-ENT00733177_Thyridopteryx_ephemeraeformis_had,Tineoidea,Clothes moths,moths
Tineola bisselliella,182709,Tineoidea,Clothes moths,moths
Tineola bisselliella,23698ADEAFF97845A9708572F0CDE032680FADB81BC6225B3DC7B049C0AA260D,Tineoidea,Clothes moths,moths
Tineola bisselliella,D4098E15F2E95564C027F9851BF585D79FB38C68108E70CDA429CBC1BE1F1E9F,Tineoidea,Clothes moths,moths
Tineola bisselliella,FA28C57537129F6208BF176B891AEEF5E60A1866CE451AA533A2CF1DE759767A,Tineoidea,Clothes moths,moths
Tischeria quercitella,MCZ-ENT00733378_Tischeria_quercitella_had,Tischerioidea,Trumpet leaf miner moths,moths
Tischeria quercitella,MCZ-ENT00733381_Tischeria_quercitella_had,Tischerioidea,Trumpet leaf miner moths,moths
Tischeria quercitella,MCZ-ENT00733383_Tischeria_quercitella_had,Tischerioidea,Trumpet leaf miner moths,moths
Tischeria quercitella,MCZ-ENT00733388_Tischeria_quercitella_had,Tischerioidea,Trumpet leaf miner moths,moths
Tolype notialis,205664fd86f64885edf0eb4c0c0dd055?size=fullsize,Lasiocampoidea,Eggars/Tent moths,moths
Tolype notialis,3a0ef0c90fb80693c3bb21f195f7e771?size=fullsize,Lasiocampoidea,Eggars/Tent moths,moths
Tolype notialis,3b491535254286666f4b426a9ea48223?size=fullsize,Lasiocampoidea,Eggars/Tent moths,moths
Tolype notialis,afb021e262483093097302b60da00cd4?size=fullsize,Lasiocampoidea,Eggars/Tent moths,moths
Tolype notialis,IMG_018889,Lasiocampoidea,Eggars/Tent moths,moths
Tolype notialis,IMG_018890,Lasiocampoidea,Eggars/Tent moths,moths
Tolype notialis,IMG_018891,Lasiocampoidea,Eggars/Tent moths,moths
Tridrepana flava,11230065243_2c39f6fd03_q,Drepanoidea,Hook-tip moths,moths
Tridrepana flava,15130462141_3f42b11c09,Drepanoidea,Hook-tip moths,moths
Tridrepana flava,15512947687_3e6563704b,Drepanoidea,Hook-tip moths,moths
Tridrepana flava,16908558076_a3d2f55b60,Drepanoidea,Hook-tip moths,moths
Tridrepana flava,24247252079_d073568615,Drepanoidea,Hook-tip moths,moths
Tridrepana flava,24247252329_363db4bb71,Drepanoidea,Hook-tip moths,moths
Tridrepana flava,29383759532_17c90f059f,Drepanoidea,Hook-tip moths,moths
Tridrepana flava,32482104447_6469a3f439,Drepanoidea,Hook-tip moths,moths
Tridrepana flava,36120733773_657d562743,Drepanoidea,Hook-tip moths,moths
Tridrepana flava,39730702913_bc584592fd,Drepanoidea,Hook-tip moths,moths
Tridrepana flava,43711749660_55d7985b98,Drepanoidea,Hook-tip moths,moths
Tridrepana flava,9392360602_bf1b16b43d_q,Drepanoidea,Hook-tip moths,moths
Tridrepana flava,large,Drepanoidea,Hook-tip moths,moths
Triodia sylvina,064e08e8-fe69-4702-a538-97deae6719b8,Hepialoidea,Ghost moths,moths
Triodia sylvina,4c610309-0ebe-4cc2-88e2-bcc49c6966a3,Hepialoidea,Ghost moths,moths
Triodia sylvina,4d11b061-d71d-4641-912a-d60cb178b0bf,Hepialoidea,Ghost moths,moths
Triodia sylvina,4da9ebd4-5ac0-4efb-bee8-4b6147bbc881,Hepialoidea,Ghost moths,moths
Triodia sylvina,6555E8945196DA9192FE630967CC0B129C485C386084D429D2EDB55E8E1F0154,Hepialoidea,Ghost moths,moths
Triodia sylvina,82ece3bc-130e-4560-8839-979c02906be9,Hepialoidea,Ghost moths,moths
Triodia sylvina,e3a30953-6b23-439f-95e5-3c0ffdc60687,Hepialoidea,Ghost moths,moths
Triodia sylvina,f3f7dc20-c715-4fa9-a58b-b346294734f8,Hepialoidea,Ghost moths,moths
Triodia sylvina,fa303794-6fc1-4fc3-8cfc-51d03fbe7c10,Hepialoidea,Ghost moths,moths
Trosia sp,06-SRNP-42442-DHJ353758%2B1175948568,Zygaenoidea,Burnet moths,moths
Tuta absoluta,BC_TLMF_Lep_01462%2B1269591160,Gelechioidea,Curved-horn moths,moths
Tuta absoluta,MM25243%2B1453907162,Gelechioidea,Curved-horn moths,moths
Urbanus proteus,268251679a2a89fadccf9c49cf67d7f8?size=fullsize,Papilionoidea,Papilionoid butterflies,butterflies
Urbanus proteus,CSU_ENT1038924_1-3_1619803485_lg,Papilionoidea,Papilionoid butterflies,butterflies
Urbanus proteus,CSU_ENT1038930_1-3_1619803276_lg,Papilionoidea,Papilionoid butterflies,butterflies
Urbanus proteus,IMG_145868,Papilionoidea,Papilionoid butterflies,butterflies
Urbanus proteus,IMG_145897,Papilionoidea,Papilionoid butterflies,butterflies
Urbanus proteus,IMG_145916,Papilionoidea,Papilionoid butterflies,butterflies
Urbanus proteus,IMG_145918,Papilionoidea,Papilionoid butterflies,butterflies
Urbanus proteus,UDCC_TCN_00061927_1484149755_lg,Papilionoidea,Papilionoid butterflies,butterflies
Urodus decens,JCS-DNA-007%2B1273864071,Urodoidea,False burnet moths,moths
Vitacea polistiformis,7fed85eb99eb0d7ebf92f0e8dd66c6bc?size=fullsize,Sesioidea,Clearwing moths,moths
Vitacea polistiformis,PXL_20220106_174240970_1641491632_lg,Sesioidea,Clearwing moths,moths
Vitacea polistiformis,SDNHM188506,Sesioidea,Clearwing moths,moths
Vitacea polistiformis,SDNHM188507,Sesioidea,Clearwing moths,moths
Vitacea polistiformis,UDCC_TCN_00115296_1510763400,Sesioidea,Clearwing moths,moths
Xylophanes tersa,IMG_019325,Bombycoidea,Sphynx/Silk moths,moths
Xylophanes tersa,IMG_019328,Bombycoidea,Sphynx/Silk moths,moths
Xylophanes tersa,IMG_019330,Bombycoidea,Sphynx/Silk moths,moths
Xylophanes tersa,IMG_019332,Bombycoidea,Sphynx/Silk moths,moths
Xylophanes tersa,MCZ-ENT00640262_Xylophanes_tersa_hav,Bombycoidea,Sphynx/Silk moths,moths
Xylophanes tersa,SDNHM130698,Bombycoidea,Sphynx/Silk moths,moths
Xylophanes tersa,UDCC_TCN_00062078_1484944322_lg,Bombycoidea,Sphynx/Silk moths,moths
Xylophanes tersa,UDCC_TCN_00062079_1484944770_lg,Bombycoidea,Sphynx/Silk moths,moths
Yponomeuta evonymellus,BC_ZSM_Lep_37786%2B1274281946,Yponomeutoidea,Ermine moths,moths
Zeuzerodes maculata,INB0003536161-EPR003003%2B1302113866,Thyridoidea,Picture-winged leaf moths,moths
Zygaena fausta,IMG_018636,Zygaenoidea,Burnet moths,moths
